sample_id,group_id,PC_CP_1,PC_CP_2,PC_CP_3,PC_CP_4,PC_CP_5
Plate01_2012-06-11_88,gi-765,-11.33813601195617,7.87158596139666,-20.323847785770084,0.09697554268257894,3.33265249168914
Plate01_2012-06-11_89,gi-766,1.9919821819525985,8.96984279214681,4.669708962645855,-1.233141541856766,-3.358231361739835
Plate01_2012-06-11_90,gi-766,-5.299377317358354,3.5964197189083214,-16.29774298761938,-1.166422346631134,2.344823072083054
Plate01_2012-06-11_91,gi-766,-7.9355129786615715,-6.980471901665616,3.0506576418874367,0.4398794638926387,2.122489039740238
Plate01_2012-06-11_92,gi-766,2.3075679923995898,6.116824071912872,0.8652176833281563,-2.3150937511550227,-2.9604088814527763
Plate01_2012-06-11_93,gi-766,7.465315760849906,0.53870213698348,2.028874627060034,-2.155746761197273,-7.63771205315553
Plate01_2012-06-11_94,gi-766,-6.547314556294456,-2.608647337076819,3.331407252878523,1.3856947218879692,2.09238002024232
Plate01_2012-06-11_96,gi-766,-6.68654944244524,7.914712926524142,1.439150783029726,-0.22181047873216728,3.6877674953396737
Plate01_2012-06-11_97,gi-766,-2.053933505029495,0.1293484360116505,2.8355002619793366,-0.2242630604553117,-1.0457104227437704
Plate01_2012-06-11_98,gi-766,2.515600299007108,-10.339120227646797,0.4648217997988855,2.5919202770139607,2.331477052476146
Plate01_2012-06-11_99,gi-766,-3.3896896971965984,-5.361351813781914,5.1088777451057386,0.4232445738627851,0.14086567675488185
Plate01_2012-06-11_311,gi-766,1.5743597410059067,5.687635570219227,3.484570948964409,1.7718483936309841,-3.3051126784380984
Plate01_2012-06-11_312,gi-766,4.791841350882407,-1.908799972357876,1.6924185978166688,3.707430645632622,1.8006811651641816
Plate01_2012-06-11_313,gi-766,7.95634865718632,-3.9743547770952734,2.6149295828225574,0.8299528843186817,3.161770710201005
Plate01_2012-06-11_314,gi-766,3.3148330184282773,1.751605934787682,1.2576003816075634,-0.5842501269892085,-3.0285671111333885
Plate01_2012-06-11_315,gi-766,28.257037099249363,-5.745940540813618,-15.14519291942635,-5.505565557199367,3.333499311331113
Plate01_2012-06-11_537,gi-766,-2.5396013790628817,-6.033742205847196,3.6152136530019647,0.7522528914847951,-1.7593723700655082
Plate01_2012-06-11_538,gi-766,-0.5975044302874071,3.284090114444985,4.130634507344477,1.9727480566012918,-1.0836907998799792
Plate01_2012-06-11_540,gi-766,-0.7610838675762891,3.1507497304976155,4.357448305629479,0.3128685449205373,-3.5888110246425025
Plate01_2012-06-11_541,gi-766,8.557718827865507,3.1126338755092324,0.4301030909913404,-1.4064487900959135,-6.23544134752141
Plate01_2012-06-11_542,gi-766,-3.3892496029759336,1.9716333515637223,0.5749378040339871,0.8591836259215636,0.3955609495368235
Plate01_2012-06-11_543,gi-766,-1.3969130368531943,-6.723196380066353,4.284186884457736,0.9528890157852008,1.7228026389166669
Plate01_2012-06-11_544,gi-766,8.942840149853483,-1.636391489048686,0.2994894948253368,-3.4685513120546907,1.9074883393462687
Plate01_2012-06-11_545,gi-766,6.687356395954808,-1.246896528407792,3.2766582018024044,-1.1372900043682208,1.7772099114346556
Plate01_2012-06-11_285,gi-780,-2.033732740119288,-7.92026563364633,4.608567264144882,-0.9751454484724038,0.6850236108556581
Plate01_2012-06-11_286,gi-780,-0.335120053748249,-9.006787702340855,3.2303627509677755,-0.7511744881350764,-0.14105541879818026
Plate01_2012-06-11_287,gi-780,-8.929656953889559,-3.9265057057629833,3.8266919224839215,-4.2787913291420825,0.2384878259107676
Plate01_2012-06-11_288,gi-780,20.49033779906912,-5.491934778432429,-14.409990777326335,-6.008016959039452,3.2134282632073408
Plate01_2012-06-11_289,gi-780,-5.538228472350304,10.075055530782373,6.2301660970051325,9.16358230059597,7.289903249513133
Plate01_2012-06-11_290,gi-780,1.6318437618651982,2.596704991808486,-3.764286173341233,5.9761621590918335,-2.3267289007834058
Plate01_2012-06-11_291,gi-780,-0.0762422793426609,-2.176785814636258,3.1445570496983395,2.9713059625430285,-3.5529556325644536
Plate01_2012-06-11_292,gi-780,19.796430748489,-9.301660610615917,-10.912132714676687,-7.071755106771192,9.240839398520174
Plate01_2012-06-11_293,gi-780,2.880937183489581,-0.4403329637675492,0.3775189883429964,0.2485053137718045,-1.6546633584267645
Plate01_2012-06-11_294,gi-780,-1.222023241804228,-1.3755712960422843,2.1835465677969146,-0.4806816483985842,-1.1873247570840906
Plate01_2012-06-11_295,gi-780,-1.7940228106393028,-0.6521456705379421,2.0026834774482443,-1.8251878891596804,-1.3176681069112894
Plate01_2012-06-11_296,gi-780,-3.9034982837630334,-0.8475534943251117,4.545021491967555,-3.896174203647658,-2.3318614910408857
Plate01_2012-06-11_297,gi-780,-8.128869757070184,2.1461237138976204,-1.2374887543737705,4.864616138015972,1.9428631832427865
Plate01_2012-06-11_298,gi-780,-4.875967226962068,-0.12460237073235116,0.8285403599633648,-4.034633354780151,-2.1711818041348327
Plate01_2012-06-11_299,gi-780,-7.862376714533488,1.5025040589690957,3.573674701609668,-2.368196762596844,-2.460303138238622
Plate01_2012-06-11_300,gi-780,-3.2931433486962067,-0.049164677201675534,-2.0144685993032785,-7.374085624836825,1.1650670872618425
Plate01_2012-06-11_301,gi-780,-0.551465935195614,-1.8792084661244768,0.9566773587772228,-1.0385534622277994,-1.8742420674420075
Plate01_2012-06-11_302,gi-780,4.207784236381632,2.5188672778496732,-0.3750604844761665,0.6779190572637014,-3.801641636104143
Plate01_2012-06-11_303,gi-780,-2.599148866484952,-7.406475893423352,-0.7106655520046256,3.659913910330665,0.12731873907930294
Plate01_2012-06-11_304,gi-780,-1.0750175757551432,-2.504123399788209,1.4990224090535529,-4.352014335177777,1.2778810443103956
Plate01_2012-06-11_305,gi-780,2.5103130820662583,-2.176100900812835,-4.051416789410072,2.8124939516680945,-1.8402767717281845
Plate01_2012-06-11_306,gi-780,8.751392202259971,-5.908326759766028,-3.1644297568157382,3.9496587333042745,-0.3922879593962872
Plate01_2012-06-11_307,gi-780,3.069296351882235,0.9780559623353872,-3.5785508054678052,4.56133269824588,-4.575590973133819
Plate01_2012-06-11_308,gi-780,-6.776773325398607,-5.588938482665836,0.34254310457137505,1.252448685142123,2.518438657184665
Plate01_2012-06-11_309,gi-780,11.060926013592349,6.675633083633469,-5.541873337976583,1.2964002170386009,-5.424592405093748
Plate01_2012-06-11_310,gi-780,-0.8604229051026775,-1.2242409867884767,-0.6902291194010488,-1.9897316904467324,-1.0278963429632644
Plate01_2012-06-11_517,gi-780,-3.9632051838221822,2.056357293517488,-12.726582896931767,-2.3036976997809235,1.706013014327865
Plate01_2012-06-11_518,gi-780,-1.486068615204902,-10.447709428186997,4.171766041105326,0.7479511879052899,1.5140305976094357
Plate01_2012-06-11_520,gi-780,-1.7688749439970348,-5.527501005649986,4.630588510165512,-0.5735601540043623,0.5919573499163835
Plate01_2012-06-11_521,gi-780,-3.569906847286432,-0.3516535461018483,3.6099855664712632,3.985655475680642,0.008712023568079586
Plate01_2012-06-11_522,gi-780,-7.411310549033746,-7.545669927217482,2.3209476722073967,2.0850218467488038,0.2667836977821434
Plate01_2012-06-11_523,gi-780,21.205941114364727,-3.288385487785465,1.0310360412590882,-0.1340904967963143,6.282372023682238
Plate01_2012-06-11_524,gi-780,18.278451934402106,-5.681713609194349,2.1031134784351067,4.1866321333894785,3.5362473456091186
Plate01_2012-06-11_525,gi-780,2.636648506031029,7.569312468803754,-1.905097266433002,-1.4059584896067199,-1.7875086522434398
Plate01_2012-06-11_526,gi-780,2.9155643464309486,-3.2769134152625066,-0.22156257075818925,-0.1232036769961919,-2.878175836713872
Plate01_2012-06-11_527,gi-780,-9.31600869049314,-3.119906218232272,1.2666742350886648,2.547792074748386,1.25005290306808
Plate01_2012-06-11_528,gi-780,-2.8227775577359813,1.5457701685857743,3.968589542804063,-0.037025866232528716,-1.4437371232924752
Plate01_2012-06-11_529,gi-780,-1.6286084394880889,-0.06364604382120129,-10.620487051382815,-2.7987835595627995,0.5267731706433776
Plate01_2012-06-11_530,gi-780,-9.710460251044033,6.0744464108007294,-16.544035765920505,-0.897260554298701,2.194081794027241
Plate01_2012-06-11_531,gi-780,-3.3168930706075144,0.8936790345628585,1.9422007213156327,2.14863189161066,-2.3209385586668225
Plate01_2012-06-11_532,gi-780,6.7486867434404685,-5.195175352941903,-2.3830329035773103,2.4965914205730577,-1.2762941354315738
Plate01_2012-06-11_533,gi-780,13.553774841897392,2.9952996705712893,-1.0592570478974035,-2.8827745908437183,-1.0733716295295692
Plate01_2012-06-11_534,gi-780,10.752765879282194,5.324582603789719,-0.2346166703016973,-4.2965559769815895,-1.2662149110896717
Plate01_2012-06-11_535,gi-780,-4.195978854015577,1.7392727516688151,-13.43233526899152,-1.2489828255261757,0.18026074677221327
Plate01_2012-06-11_536,gi-780,12.168255069845095,-7.192433311820103,-9.190169553135727,-6.105803545369017,4.032021674516031
Plate01_2012-06-11_769,gi-782,4.667691926952507,3.102168738533848,6.196592111448152,-5.156505608140355,1.1525562071142268
Plate01_2012-06-11_770,gi-782,20.539861368043553,-9.507047540221178,-4.041190040382036,-5.955598482291938,9.854806787027627
Plate01_2012-06-11_771,gi-782,3.470916798055734,-2.918857482589147,-4.476631665880472,-5.2359803232739495,2.0835988189910166
Plate01_2012-06-11_772,gi-782,13.874845992653649,-9.453323103532536,-17.544156185705738,0.13745508881995405,0.6076300907843447
Plate01_2012-06-11_773,gi-782,15.760521467517435,-2.057702523164405,-4.189545097482238,-6.595082413142121,6.008129012204977
Plate01_2012-06-11_774,gi-782,0.4658558382547623,-12.300568227573464,-5.710651093042446,-1.4838489011129616,3.8067451013546387
Plate01_2012-06-11_775,gi-782,4.422119992941286,-1.0221337916747189,-0.20067921817832304,-3.7300789700837793,-0.959872874125581
Plate01_2012-06-11_776,gi-782,0.1262633671145055,-0.6068332660767399,-13.871651578652743,-2.1767307754415706,0.9936872737903673
Plate01_2012-06-11_957,gi-782,1.3986483820741185,7.963768113421787,0.7620946922878779,1.2574424223916547,-4.078515042530613
Plate01_2012-06-11_959,gi-782,13.195188898789349,-7.1940208622120885,-6.441408687203487,-8.677151483513429,6.689731240467057
Plate01_2012-06-11_960,gi-782,2.6591105626088005,-6.4937656074139865,-3.2466827052317626,2.821669487266463,1.0861823830158377
Plate01_2012-06-11_961,gi-782,10.846233208599974,11.223275671996332,-9.183380631609706,2.649877459895549,3.2269291554195805
Plate01_2012-06-11_1111,gi-782,-13.04350947568128,8.884754487352934,-16.895539203125736,-0.8154840985618531,3.7429552104828807
Plate01_2012-06-11_1112,gi-782,2.969420046660081,-1.1272742354730323,-18.354180233334397,0.6609799413094452,1.7158679311946656
Plate01_2012-06-11_1113,gi-782,11.835776102487069,-7.342812204785579,-4.945370728924568,-7.857372527317227,4.392499846010919
Plate01_2012-06-11_1114,gi-782,-14.873171969627204,9.983131641231699,-18.225736839122245,-1.4826806959879926,4.4781029765362526
Plate01_2012-06-11_1115,gi-782,6.1437245253306925,-3.8501268405094073,-10.955753148918133,-3.7035818639664377,2.2927197599524125
Plate01_2012-06-11_932,gi-795,-7.10439938333918,-6.731211593447063,4.356783227802282,-0.5890698042860079,-0.1887321795122103
Plate01_2012-06-11_933,gi-795,-0.9866957544892796,-0.4513465406723448,3.2387853977972103,-4.842632263665267,-0.4044133531910355
Plate01_2012-06-11_934,gi-795,-5.207044882693176,-9.461301541693343,2.8714619178363012,0.3647618676048438,0.7080696838282802
Plate01_2012-06-11_935,gi-795,-1.8118961554720208,-0.2931801003669593,-0.5094791170590953,1.0219614214598838,-1.4621898719042323
Plate01_2012-06-11_936,gi-795,-1.4014500271158594,-2.258682659838549,4.823333779147569,-4.160096338644272,-2.1330630212960635
Plate01_2012-06-11_937,gi-795,10.588356363712926,3.4343460549006632,-2.681654680066374,1.1064478293607938,-4.354233303819559
Plate01_2012-06-11_938,gi-795,8.856961711736172,-1.4418540237266142,-2.478314423110259,2.436073753958849,-0.9142507806240237
Plate01_2012-06-11_939,gi-795,-5.9838355986598275,0.34244901223010704,4.914361879559851,-3.9650058570230784,-2.0092916330365207
Plate01_2012-06-11_940,gi-795,-3.046692552019475,-1.960244406225664,8.391375913765383,-3.2234423336886486,5.324204340285605
Plate01_2012-06-11_941,gi-795,0.1851833893381882,-11.070391729778454,3.2222205502607406,1.431490937688607,1.9184083441798463
Plate01_2012-06-11_942,gi-795,-3.372298343894568,-0.27765544508269185,2.202965198116757,-0.9502064136628432,-1.9518993708946968
Plate01_2012-06-11_943,gi-795,-3.5273400286114085,2.8859675312313486,7.590724056408693,-8.149718457133448,7.783663664695673
Plate01_2012-06-11_944,gi-795,1.1610275521897864,-0.9512067219100848,2.2555646230124644,-1.164297082188564,-2.565922198258724
Plate01_2012-06-11_945,gi-795,31.81662815856751,11.087896203252988,2.167224307647506,-0.6991502852193121,15.290378161625929
Plate01_2012-06-11_946,gi-795,-3.415602255583281,8.74455063347778,4.6667189605348565,-0.9642009579051136,1.7227748681664858
Plate01_2012-06-11_947,gi-795,-5.052014746542474,-7.8430919841712425,2.6404127938565747,-0.6766409773471744,-0.1983331591035402
Plate01_2012-06-11_948,gi-795,-0.9116250511170626,-4.619696627020003,4.153845038841752,1.1493702664559966,2.268399659235035
Plate01_2012-06-11_949,gi-795,-2.8969323164327347,-9.6806644623526,0.5933396358960317,4.6841889874839975,0.6106354841525956
Plate01_2012-06-11_950,gi-795,0.8043462375701219,-2.055094721307841,-1.2243468040514065,0.4586779536784428,-0.6722169911169534
Plate01_2012-06-11_951,gi-795,9.47428649713836,-2.1714454884416168,0.2699325299043883,1.3771980016669998,-0.4024586886567205
Plate01_2012-06-11_952,gi-795,-8.427410542495817,1.8380959725451007,3.6220895627805687,-6.634513548925066,-0.5464146932205861
Plate01_2012-06-11_953,gi-795,-5.259945605296453,-6.833509397989294,1.3904407690619325,3.0703280737035583,0.3958402924410029
Plate01_2012-06-11_954,gi-795,-4.3993628303539785,-4.474685031723059,-1.63251821439845,4.178329015326686,-3.4969782103026827
Plate01_2012-06-11_955,gi-795,1.5963888417837793,1.2048860449870546,-1.7318679838781892,3.640840998383166,-4.166839077578399
Plate01_2012-06-11_956,gi-795,-9.779147193901787,1.1420209317158363,-4.370016446758074,1.9648567508282921,0.05778567230931408
Plate01_2012-06-11_1090,gi-795,3.8188582028182996,-3.1039713987353714,0.6755523334475217,2.687722180339378,-2.266975851399523
Plate01_2012-06-11_1091,gi-795,-1.3128769684045565,-6.753911693577582,2.8826747187200823,2.132938476691121,-0.03250663961164621
Plate01_2012-06-11_1092,gi-795,0.4672637733855223,-0.4372423245478503,-0.7015067152260814,5.152579701321061,-4.042988670692249
Plate01_2012-06-11_1093,gi-795,-4.909005294850696,2.4385845901590764,-0.551257898159764,2.4249146200570517,-3.4690329408402305
Plate01_2012-06-11_1094,gi-795,-9.14047526780211,-7.924478367891539,3.3154034509361727,1.2086243948132822,0.8876480013275418
Plate01_2012-06-11_1095,gi-795,4.228036995753959,-4.261305824012223,-2.6155510441888703,4.745449605646469,-2.7127844298345734
Plate01_2012-06-11_1096,gi-795,0.4157682464268129,-6.27542966589338,0.5080918278044345,0.4991376425814111,-0.62427204553985
Plate01_2012-06-11_1097,gi-795,-2.6707389764443596,0.5585568999804389,-0.39963998634297865,-5.550000715502479,2.2050340075798904
Plate01_2012-06-11_1098,gi-795,1.3631896520848457,-9.817527082880355,3.908710365312012,2.3455683188833008,-0.6234115536347082
Plate01_2012-06-11_1099,gi-795,-4.190995153975774,-0.4101920963441253,6.4426160529718635,-5.264953572357541,-0.8138957618157135
Plate01_2012-06-11_1100,gi-795,-2.989310658037589,-5.888697070159313,3.5125865609996336,1.451140775579545,-0.1090966883259868
Plate01_2012-06-11_1101,gi-795,-6.8664305858762855,5.7491559164075365,3.957430085215975,2.2803164786278862,2.098078022190501
Plate01_2012-06-11_1103,gi-795,5.948384316739571,-2.4295546680329867,-0.020960050197514245,-3.5748726010697363,0.2962258170100418
Plate01_2012-06-11_1104,gi-795,-4.011188389235119,-1.8500354062987647,1.0672749002908242,-0.4731233621327151,-0.4010491748439196
Plate01_2012-06-11_1105,gi-795,-1.9579351249418544,-9.967956800957142,3.910148697038617,0.9170483879949226,3.3969357311893407
Plate01_2012-06-11_1106,gi-795,-3.6689636762836098,-3.266654324106583,2.9316559802911195,0.3118587296569797,-1.1271608783386242
Plate01_2012-06-11_1107,gi-795,-2.165563093128535,-9.593441214204967,-0.509943955420945,5.057579278980172,3.6720920876411913
Plate01_2012-06-11_1108,gi-795,-4.549748524754911,-0.08781015284276708,3.8856976552891616,-4.500219606808666,-1.320382357200703
Plate01_2012-06-11_1109,gi-795,-3.0195894409877515,-2.93488998391556,2.5041359058160566,1.3081671962623589,-3.337692661058432
Plate01_2012-06-11_1110,gi-795,-7.333145535122004,2.3779772476959744,4.26119169731606,-4.1760077125278245,0.5889275751348746
Plate01_2012-06-11_3204,gi-795,-1.7581795553281248,-1.05097575090582,3.843255834779864,4.200431749298607,3.334828177709161
Plate01_2012-06-11_3205,gi-795,8.521871958315309,1.4480205259095509,-1.284641735534064,0.6712549347430524,1.335515123441845
Plate01_2012-06-11_3206,gi-795,4.600539422364675,-2.4085734220567034,2.4700219949510367,1.4630991488813359,-1.281723999602122
Plate01_2012-06-11_3207,gi-795,-5.5233824283661175,-1.9960473762360849,-2.576784004628544,2.99802474001141,-1.9740487523893484
Plate01_2012-06-11_3208,gi-795,-2.8788829615080638,-6.117745309352993,2.127989637291492,2.3799932791643736,-1.0180464641791915
Plate01_2012-06-11_3209,gi-795,-3.3061393421949283,7.46930557828435,0.013060107470008036,3.7780266862929808,-1.170162053744157
Plate01_2012-06-11_3210,gi-795,-10.191834838980247,12.047425525366334,-6.4890287782996925,4.553671453894193,4.280244061403332
Plate01_2012-06-11_3211,gi-795,-2.2925047280812607,-11.176942276386619,0.044588598470462336,3.378830388205848,0.8864653475611474
Plate01_2012-06-11_3212,gi-795,-7.001088223151897,-5.185235110203814,2.9571249874737484,1.465674669526481,0.27411501989265163
Plate01_2012-06-11_3213,gi-795,14.713061983540776,-5.866749191951787,0.5960551304359514,4.481522969240282,0.7736864670059378
Plate01_2012-06-11_3214,gi-795,-3.435145609582367,-1.1787905604438709,2.3298903141580007,-2.9914459605775083,-2.622564518728841
Plate01_2012-06-11_3215,gi-795,2.3739448863087693,-3.775824955660116,0.5125068636177982,-3.3051922652736474,-1.7964803527010218
Plate01_2012-06-11_3216,gi-795,-7.548318456931435,12.290707334529381,-2.3415950356302413,2.76603929573149,-0.5699055051155463
Plate01_2012-06-11_3217,gi-795,5.7704006656385785,4.3234770179184245,-1.0856934508849059,0.16139383753184025,-3.4516407441266836
Plate01_2012-06-11_3218,gi-795,22.41616630351232,8.909236770039591,-6.422423829311423,-0.08755866460239373,-3.3809540984637723
Plate01_2012-06-11_3219,gi-795,-8.786235031673082,-6.027838297129916,2.8277993020332954,0.9230290732709135,-0.014428530468554725
Plate01_2012-06-11_3220,gi-795,-4.5613595149908095,3.2130876176924485,-4.312723371430837,5.275421655307481,-2.1019552554489245
Plate01_2012-06-11_3221,gi-795,9.379065587953816,1.4867926266228864,2.9974012555416376,0.6067778487710541,-5.324559968016246
Plate01_2012-06-11_3222,gi-795,3.644912228795092,-2.9033516061437274,-1.023925856028971,-1.4808816703391454,1.7170602439444995
Plate01_2012-06-11_3223,gi-795,-6.718824040499765,-5.202672486101085,3.6129633811757618,1.6780033426829275,1.0071993720878345
Plate01_2012-06-11_3224,gi-795,-1.3702207667217887,1.110223133854698,-6.079215874684384,3.8157436396851896,2.2202680180448784
Plate01_2012-06-11_3225,gi-795,-7.564693546398018,-0.015531937619076047,-0.14244759573589375,5.580215949095267,-0.876226648748782
Plate01_2012-06-11_3226,gi-795,7.503262041279802,0.3802027224676002,2.53197784161918,-0.9584181875601554,-5.4073418856513085
Plate01_2012-06-11_3227,gi-795,0.4503244975341329,-0.879212425152645,-1.1274296519250058,5.808878826144388,-2.340795741369945
Plate01_2012-06-11_3228,gi-795,-1.5878629363110093,-0.2108092997515036,-5.2279274473500585,-4.766768475943672,1.4408823932479389
Plate01_2012-06-11_3229,gi-795,-8.19231377556485,-3.5358501507524887,-12.786059067506569,7.597107405878968,3.390353121975542
Plate01_2012-06-11_3230,gi-795,-11.30708342997482,4.909568032000183,5.3718207319195255,2.049058675169785,3.3264461481645125
Plate01_2012-06-11_3231,gi-795,-9.009214595506082,-7.863279821832715,7.5988268829945875,-1.1467536293245886,2.378150557311725
Plate01_2012-06-11_3232,gi-795,-6.845412529643467,-5.113347947012903,5.353369322183651,-0.17813347559704865,2.4938443968335977
Plate01_2012-06-11_3233,gi-795,-0.5192637090246713,-6.924815920497284,0.7131892278225883,0.5085211111982327,-1.039923494377367
Plate01_2012-06-11_3234,gi-795,-1.4091721695566513,-0.11776686233871544,0.7793950205100901,1.5506762837073482,-1.1210123429219527
Plate01_2012-06-11_3235,gi-795,4.451801958366417,1.2572237886188398,0.10499355158592252,1.7612956014614365,-1.4732415228530815
Plate01_2012-06-11_3236,gi-795,1.5410825659973006,2.729136498646249,-2.707005715132963,3.9837416281364613,-2.9342435028603977
Plate01_2012-06-11_3237,gi-795,3.1200044328121668,-2.194263884817961,0.316906545315529,2.6161619762332795,-2.050917438475018
Plate01_2012-06-11_3238,gi-795,-0.9051144553418656,2.30977450981498,4.420147866974987,-4.8504684555789,-0.933921064267718
Plate01_2012-06-11_3239,gi-795,1.165372388069014,-3.018860830552238,-2.06396188354732,5.722175334464271,-3.4796287867068383
Plate01_2012-06-11_3240,gi-795,-2.8383217014733613,6.619449186748135,3.158509819406469,-2.2156206912166496,2.438142969668084
Plate01_2012-06-11_8706,gi-1003,-5.576400032329795,-2.4768387765692856,6.915699196601483,1.4504867971810969,0.8966940953094669
Plate01_2012-06-11_8707,gi-1003,6.197994008391267,0.40408424418976535,3.051225085113055,1.6576577411861082,-1.1276310131315344
Plate01_2012-06-11_8708,gi-1003,-3.5178397628885354,3.3741541141875726,1.5239469351387018,1.5897742890938138,-1.2421340725857528
Plate01_2012-06-11_8709,gi-1003,8.059268375868374,-5.100900309958846,6.100477834594988,-0.2262564138216281,-2.261275946480815
Plate01_2012-06-11_8710,gi-1003,1.9589940243104955,4.875012994259649,2.342827749244834,3.2451085804905158,-0.9431949327985087
Plate01_2012-06-11_8711,gi-1003,8.713153982021598,0.08249042027149653,3.6637514082399516,-1.8827606784454365,-0.5012329146223902
Plate01_2012-06-11_8713,gi-1003,-0.2655887724375741,-4.64159424566283,0.5461871597781102,0.028775454884737005,-4.901997339018777
Plate01_2012-06-11_8714,gi-1003,-6.170165025161056,2.5831793846030147,-6.321040928263872,-4.9821738194308365,1.7957562213042686
Plate01_2012-06-11_8715,gi-1003,-1.8781689244125828,-0.8749302950068275,-0.007506144971011484,1.9460422523441925,-2.522779031247064
Plate01_2012-06-11_8716,gi-1003,3.8687089865619626,-4.68804538039126,3.4228339381038206,-1.0838819788402647,2.434634942877121
Plate01_2012-06-11_8717,gi-1003,-5.478834035210714,-5.976057052956837,4.056030459820303,0.7181932300753163,0.5969440315770518
Plate01_2012-06-11_8718,gi-1003,-1.950697648572972,2.648590801573832,4.7129517335248,-0.9752070116235574,-4.150337822562338
Plate01_2012-06-11_8719,gi-1003,-11.149178197353002,-3.2365291703554275,1.3256400321164008,0.15369950681096275,2.7038137251408587
Plate01_2012-06-11_8989,gi-1003,-1.4373105651065987,-1.7062858677151076,6.927179302628455,-4.6280086600408366,-0.6401667620348497
Plate01_2012-06-11_8990,gi-1003,11.114728182816737,-4.172139093853602,0.5343561001311788,0.8603727732569856,-0.901379897011214
Plate01_2012-06-11_8991,gi-1003,-1.4067738418192062,16.683774014545456,4.57694052678012,-0.9107386169189016,1.076805070208154
Plate01_2012-06-11_8993,gi-1003,-3.5718965317792906,2.3807702713605248,-19.466883990078266,0.9799595725032914,1.1334538631657742
Plate01_2012-06-11_8994,gi-1003,-3.732651599392308,-5.524087182709167,1.371829646198017,-0.4472555606648101,-1.7930060281360385
Plate01_2012-06-11_8995,gi-1003,17.297836564122914,-1.6318196285850253,-4.467143954960738,3.8688431365034517,6.13208615982092
Plate01_2012-06-11_8996,gi-1003,15.86977632156274,-8.849941230419757,-6.069585695352836,-4.774236534637315,5.990400951822728
Plate01_2012-06-11_8997,gi-1003,0.2371875926530233,-1.1788253843815348,-10.03740599434992,-3.5224378543744237,0.6338407589287064
Plate01_2012-06-11_8998,gi-1003,3.459352802801465,-2.9244694985235222,-10.576139242855756,-3.4243895395115564,0.8707382359264393
Plate01_2012-06-11_8999,gi-1003,-2.6166461754798847,-2.1372576751499053,2.775196302484132,4.5929503330499335,-1.0249206847729808
Plate01_2012-06-11_9000,gi-1003,2.466977657856205,12.13195851525866,4.887971239199065,-3.630060548721096,0.04451338018718898
Plate01_2012-06-11_9001,gi-1003,2.3684214182078365,1.9636141446371167,5.59641230082542,0.6300049036825045,0.1510480372083717
Plate01_2012-06-11_9249,gi-1003,-7.08264238575181,1.3650091485543012,7.385406802286996,-9.318632255354233,1.5946272969885806
Plate01_2012-06-11_9250,gi-1003,19.932898540994753,-1.0618929900769971,-0.2764942786935949,-1.2656377779682009,1.7934892423170734
Plate01_2012-06-11_9251,gi-1003,12.996529099245455,1.6479083458962678,0.3642996785608471,1.0038358056038177,-0.069541518665416
Plate01_2012-06-11_9252,gi-1003,6.472131796965589,-3.4159680171454987,1.0916806583525562,2.913602590803168,0.5371770987631324
Plate01_2012-06-11_9253,gi-1003,-1.0236506749227496,-11.453284242831225,1.0903695160646638,1.7068258685677566,2.302167465162204
Plate01_2012-06-11_9254,gi-1003,1.2978714300819796,-1.8152533994922488,0.5976487091154328,1.8078264746099888,-4.237228444495002
Plate01_2012-06-11_9255,gi-1003,3.5304838706912984,8.639606035660531,-0.26938628311192764,-2.740011961535216,-4.680109702033168
Plate01_2012-06-11_9256,gi-1003,5.903933509768852,3.306275883097636,3.2423097906995118,-0.18199283610889733,-4.792232324303817
Plate01_2012-06-11_9257,gi-1003,-8.031539263462987,-3.981068801618978,2.1831406182084434,3.5474460456722063,0.1252067083585464
Plate01_2012-06-11_9258,gi-1003,0.3764572039379071,-2.4254154765556675,2.1543330319840917,0.4896075291997163,-0.22292204047056624
Plate01_2012-06-11_9259,gi-1003,4.4240048688250235,0.6013225364851901,0.17764781296733542,1.936563491158975,-2.777270987213436
Plate01_2012-06-11_9521,gi-1016,-1.117732666706414,1.3275692467435845,-18.40629813915281,0.5530114191295097,1.9699543146106249
Plate01_2012-06-11_9522,gi-1016,9.283641885018664,-0.2476533895273249,-0.2657497785267004,-0.4185421517311485,-2.0412546068155537
Plate01_2012-06-11_9523,gi-1016,14.245893009237394,-0.5651797373554653,0.15386123429151774,0.7761843903209554,2.1378867084952318
Plate01_2012-06-11_9524,gi-1016,-7.574202906308999,-6.343467231928764,0.4947814631707643,-3.3105508370024617,5.0294521766659885
Plate01_2012-06-11_9525,gi-1016,3.4375973817466567,-4.290775768665501,5.975979524468831,-1.1158581558535292,5.8242545580244025
Plate01_2012-06-11_9730,gi-1016,6.472539769290861,-5.2300999018142615,-6.812007093445691,-4.789033414622709,0.6070822285736052
Plate01_2012-06-11_9731,gi-1016,18.322799906069765,-4.2216075206543175,-7.039892707869692,0.5715953961479714,15.127678050670864
Plate01_2012-06-11_9732,gi-1016,2.680218110266908,7.081999770546483,-1.1475827829450211,-2.6140978180016927,3.2164491801846484
Plate01_2012-06-11_9733,gi-1016,4.659395506757014,-1.9732863217748355,3.8331754389069874,-0.27381923534973623,5.032491206070749
Plate01_2012-06-11_9734,gi-1016,5.534020594386929,5.276950339995545,2.2680578873543777,-2.8916342936174844,3.480883272434024
Plate01_2012-06-11_9736,gi-1016,2.1276765515689866,-5.6562760209967555,1.3925899057862596,1.6873808730735953,-1.6766192208550903
Plate01_2012-06-11_9914,gi-1016,19.71837035656256,4.75041689299068,-0.3876692483230776,-5.455476309967116,-0.04227753828610504
Plate01_2012-06-11_9915,gi-1016,-6.771347052932823,0.4667696901078047,-0.8206735262700933,-1.6290396838476515,2.023233311156545
Plate01_2012-06-11_9916,gi-1016,6.755125015585494,-3.115523488692064,1.0795494652424549,0.08513576948504117,-1.9005889731301544
Plate01_2012-06-11_9917,gi-1016,1.629152271699436,14.5428768469559,-5.402061848013804,-2.104769731106612,-1.0178581434071472
Plate01_2012-06-11_9586,gi-1020,-0.2672001338498992,-4.734906047979759,5.518686331395583,2.39516524783596,1.196053097245264
Plate01_2012-06-11_9587,gi-1020,0.9990997221288306,-3.4335125929703283,4.100285603451615,1.0230936462662694,-0.7514268135671767
Plate01_2012-06-11_9588,gi-1020,3.770479552437097,-2.268678405403733,1.4806425868390465,1.5590410778445014,-1.1688712472099112
Plate01_2012-06-11_9589,gi-1020,7.8158960261084225,8.507905586874955,2.787996012625311,-1.4489025280351475,-5.273102116733712
Plate01_2012-06-11_9590,gi-1020,2.484293369231267,5.919671348021648,0.8113305425261661,-2.459357362389271,-5.478937539132622
Plate01_2012-06-11_9591,gi-1020,-7.1696568892664025,-7.4256664805570365,6.5211145952453125,-0.3037221898675121,2.990071667108537
Plate01_2012-06-11_9592,gi-1020,-3.3152786690300955,9.341863449549187,4.715667156658047,-1.0745682136472752,-0.09534408923986114
Plate01_2012-06-11_9593,gi-1020,-1.1980639476045538,-1.9875389637573817,4.956852409569283,-5.008165948662526,-1.0234010965416032
Plate01_2012-06-11_9594,gi-1020,5.980261090103817,1.1883908674198131,0.056525778308871184,2.812281155546649,-2.5653896124878672
Plate01_2012-06-11_9595,gi-1020,11.955472623246512,7.055924533452759,1.1090716953030784,-1.206274380105668,-2.453144529846128
Plate01_2012-06-11_9596,gi-1020,-10.387945922645835,-7.414751258573519,5.61383178806467,0.2287433560404853,1.0545121985705437
Plate01_2012-06-11_9597,gi-1020,-4.073470272947918,1.1445131390467025,1.0862431948281677,2.958872734401308,-2.110852962136704
Plate01_2012-06-11_9598,gi-1020,-1.861151182781276,-5.138514461092823,4.008784366831528,0.7047456418553452,0.8047136099832265
Plate01_2012-06-11_9599,gi-1020,4.560740419911862,-0.3653827115492461,2.2034871496569144,-1.8894616959238504,-1.081534001266347
Plate01_2012-06-11_9600,gi-1020,19.575682974323023,9.423548695218477,1.0222293179432582,-4.1250451755157975,-2.532721787501269
Plate01_2012-06-11_9601,gi-1020,-0.6991807943007612,13.724470443548734,1.5710873543615764,-0.026410177999181286,-3.218054599854866
Plate01_2012-06-11_9602,gi-1020,-4.872017133278871,-0.19553340216821608,3.831582363990777,-4.7710460018380125,-1.8513966365902268
Plate01_2012-06-11_9603,gi-1020,-4.6028575639088265,2.536512562714824,0.31759589021795204,-1.2570686014103518,1.962969865614879
Plate01_2012-06-11_9604,gi-1020,17.74724004138716,3.7365662565283366,-0.15786078822326272,-2.2655873434262905,3.206634154480327
Plate01_2012-06-11_9766,gi-1020,-0.4777137831338734,2.0648504738782445,7.8038679329007765,6.243426377713399,-1.9337854098169025
Plate01_2012-06-11_9767,gi-1020,-1.0319554416176124,4.066515822436437,9.467313687616212,2.1008440485386024,-0.4971848840729673
Plate01_2012-06-11_9768,gi-1020,26.993661122887602,1.783172720938908,0.6098392383536497,-1.8812045862442528,3.269361256891852
Plate01_2012-06-11_9769,gi-1020,1.6620452018878231,-3.9836837910834366,4.219311179561177,4.5900290004669415,-0.7605575128500399
Plate01_2012-06-11_9770,gi-1020,9.997629791949935,4.692895476748056,-1.044176846182714,3.0506265869350666,1.7776788803320125
Plate01_2012-06-11_9771,gi-1020,-5.04926014821966,-0.04865063899240109,3.020477328371775,-0.03696241196126559,-3.635544812556339
Plate01_2012-06-11_9772,gi-1020,15.072044244522266,-1.888573119310728,3.6857444305552787,0.2467630949013989,2.8371972688575826
Plate01_2012-06-11_9773,gi-1020,-3.9230690925419283,7.487827981634087,-2.1587748918321865,2.720131568149536,-1.2424858370878955
Plate01_2012-06-11_9774,gi-1020,-5.391664101592228,0.7030331419540653,5.240529651754104,-4.270274373159069,-0.5425441192611847
Plate01_2012-06-11_9775,gi-1020,3.0206754582987885,4.4223370129474855,1.4753221382053383,1.2253110374089191,-0.8914760128492558
Plate01_2012-06-11_9776,gi-1020,-3.244509194782732,0.4809020236754091,2.93736673604698,1.925404998672988,-1.95152841587003
Plate01_2012-06-11_9777,gi-1020,-0.20359331999944266,3.9724804153921007,-1.0589748887167243,1.43566757121819,1.6600094667366392
Plate01_2012-06-11_9778,gi-1020,10.347473941090577,2.4504998552323847,0.8729611290959903,2.7281707378891458,-1.2385442927535952
Plate01_2012-06-11_9779,gi-1020,-3.852981227335784,-0.8776548212882993,2.9064179858163097,2.3811473257732216,-2.089218841590938
Plate01_2012-06-11_9780,gi-1020,2.1531636910845937,8.4239557528779,0.2979773625259127,-0.5327833386492468,-0.7234231179226959
Plate01_2012-06-11_9956,gi-1020,-4.675749121130295,6.376663330702607,5.178419682393104,0.8809091681018795,0.21630365576253027
Plate01_2012-06-11_9957,gi-1020,11.718941858047463,-1.8011668378817525,3.0128987463081085,-1.1215682556825723,3.6773696950333568
Plate01_2012-06-11_9958,gi-1020,-1.1596319736153209,-5.695422901721562,3.709293428922327,4.3762042422933725,3.744236807929175
Plate01_2012-06-11_9959,gi-1020,-5.929694363624859,1.0148400352054068,7.931916883236696,-4.746489062516172,-0.2009252474539608
Plate01_2012-06-11_9960,gi-1020,-3.1034535157591248,-4.11886910163382,3.738882294977912,0.6605243989081426,1.3864424918847789
Plate01_2012-06-11_9961,gi-1020,4.061834472965817,2.3169034794459704,2.881401959328082,-1.3741853955674903,-2.7533688259380886
Plate01_2012-06-11_9962,gi-1020,3.265815482540468,-7.159611709176152,5.3283953817469945,2.4423431065803904,4.406714893286685
Plate01_2012-06-11_9963,gi-1020,3.706298542425092,-0.7526803906607944,0.5879542215242044,2.0445613716378404,0.5509984890635521
Plate01_2012-06-11_9964,gi-1020,3.173002288098401,6.0323514077029134,0.8536908647573377,-1.2822570264030313,-3.3462271763091516
Plate01_2012-06-11_9965,gi-1020,-4.809401033607892,-3.1543163916779764,1.23438943557482,6.411573968159968,-0.4882305943965445
Plate01_2012-06-11_9966,gi-1020,-4.921522086336685,1.7553114075587153,4.183478354429378,2.2746438006422727,-0.4603977844102426
Plate01_2012-06-11_9968,gi-1020,1.0476334973735564,-3.712866984783787,0.3359858513983693,4.039476671676807,-2.364115667581216
Plate01_2012-06-11_9969,gi-1020,14.293427751051093,10.843587081252556,3.2501663126585454,-3.8100907453034,-2.0181733001880042
Plate01_2012-06-11_9970,gi-1020,-6.846074974956949,-2.8949091787328003,0.8125784808476693,-0.3784952967896159,1.4185063815577723
Plate01_2012-06-11_9971,gi-1020,34.800251398712106,-4.219095221988321,-2.739862560841277,-0.6654756674434819,15.178929537911769
Plate01_2012-06-11_10301,gi-1042,5.968353136597985,4.572294393861415,-0.8469687266084422,0.7954468431713801,-4.254826800834819
Plate01_2012-06-11_10302,gi-1042,12.095564401643296,-4.519648067167932,1.0203421439297926,0.17442526828459592,1.2176382587580172
Plate01_2012-06-11_10303,gi-1042,1.5973283110888516,-5.2173103458429715,-0.3401491309120617,2.8344901975727685,-3.8165359653090563
Plate01_2012-06-11_10304,gi-1042,-5.511373373968134,-0.3820253494620797,-1.9919457013468616,0.7475884752897042,-1.6219199729094662
Plate01_2012-06-11_10305,gi-1042,-2.4397235612356085,-1.1913577204991843,0.924027857023465,0.09177455129842206,-2.8002286254314117
Plate01_2012-06-11_10306,gi-1042,6.676575749131468,-3.6170756434466624,-1.660342683284726,2.0631404631834074,-3.410069932113958
Plate01_2012-06-11_10307,gi-1042,3.7889159294767882,-3.6868627701574415,-1.8209844221836724,0.8094296200161447,-3.3493653868102875
Plate01_2012-06-11_10308,gi-1042,-5.680750364703416,-5.086713106229702,0.9719363218373503,3.3107474344140484,-0.9981203066031944
Plate01_2012-06-11_10309,gi-1042,-0.10157262658071048,4.016803998703629,2.4280204991602736,-2.328947228569737,-3.3067143027324355
Plate01_2012-06-11_10310,gi-1042,-3.5251966828457384,1.8292303960818672,-0.9480146040937268,-1.2821515870244509,-0.7530376343102997
Plate01_2012-06-11_10311,gi-1042,-0.5063106076861387,-6.712848010031358,-4.280195403636311,5.424526401432568,-1.9648905014154312
Plate01_2012-06-11_10312,gi-1042,8.136789400561456,-5.281645547202003,-3.257463166736984,0.6226895611755201,0.7592733348324824
Plate01_2012-06-11_10313,gi-1042,-4.5462886763291435,-1.0199518742509552,-1.3701200038206771,0.8652073556841202,-3.4458391432075044
Plate01_2012-06-11_10314,gi-1042,0.09014146107715527,-8.765871192982202,1.7131221695104075,-0.4049651390770682,-0.33577577102052525
Plate01_2012-06-11_10315,gi-1042,8.109946216198141,-0.05040335874028312,-0.8543017628684813,-1.789114328506127,-2.61724082086686
Plate01_2012-06-11_10316,gi-1042,6.0217400831237065,3.2935050793736185,-1.343425486739977,-1.7043278429625273,-5.188443891118684
Plate01_2012-06-11_10317,gi-1042,3.6791057536194898,-0.2048117103244314,-3.1182593264243352,1.4441453164064708,-2.948046577445893
Plate01_2012-06-11_10318,gi-1042,-3.995100515301944,-7.112348004536033,-2.8986836656318085,4.3551803545942285,-0.6227914140182254
Plate01_2012-06-11_10511,gi-1042,-3.5369186498730136,-0.7604632000348165,3.0922953951423966,-3.990281793058895,-1.8453900630708768
Plate01_2012-06-11_10512,gi-1042,1.4010440067834815,0.7799639521246254,-0.1727121235107191,1.1382544601262206,-1.0908767895035294
Plate01_2012-06-11_10513,gi-1042,-11.174691601343458,-5.580552859076449,5.807588055261758,-2.405988034224762,3.769132718943742
Plate01_2012-06-11_10514,gi-1042,-5.243661504770586,-7.592614526474544,1.8601539588390208,0.5912154941637768,-1.8260167035723096
Plate01_2012-06-11_10515,gi-1042,5.6435720122324815,-3.6943490468251334,10.554448670251483,4.127822727501272,3.4623558548390045
Plate01_2012-06-11_10516,gi-1042,12.57387608136856,-5.741644117318777,-6.6733047355127875,2.1295539888939152,0.9265968660917672
Plate01_2012-06-11_10517,gi-1042,1.285384252975757,-1.4888173986589586,-2.6174728291430447,2.5657465810229536,-2.169163202095147
Plate01_2012-06-11_10518,gi-1042,21.794792194571656,-4.088607597114756,-6.734413913458378,4.06593467292624,9.96850404124782
Plate01_2012-06-11_10519,gi-1042,-2.333883508648603,-1.1837498967879556,4.741713646879808,-4.894784554494487,-0.7868559918638499
Plate01_2012-06-11_10520,gi-1042,0.9087196995437858,1.3087219454371164,-2.3154535561899805,0.7505285650477034,-1.2319292698707098
Plate01_2012-06-11_10521,gi-1042,11.288395545846296,2.129235039795697,0.6809434673391962,-3.048802753854833,-3.6953700083804777
Plate01_2012-06-11_10522,gi-1042,-9.201837438519824,0.8144564814815088,-0.39653586113229816,0.7325919335367914,-0.13349034433508936
Plate01_2012-06-11_10523,gi-1042,1.886596455725612,-10.713255973473855,1.2071084420124183,2.0835969512531,1.0401536436950394
Plate01_2012-06-11_10524,gi-1042,-6.8895134871201575,-8.386912975823906,0.4555518633778001,1.5057814276929595,1.2026934380808156
Plate01_2012-06-11_10525,gi-1042,1.8776731098222832,-4.888614414670137,2.005085422908012,1.489528755974247,-3.971621188755324
Plate01_2012-06-11_10526,gi-1042,0.2081594229758449,-0.8351959152649882,1.0904222532512782,1.9186144864075108,-1.274287003967436
Plate01_2012-06-11_10527,gi-1042,-1.2483819464714112,-3.1812565615706117,1.4765006640445435,3.0529483232053845,1.980873915790024
Plate01_2012-06-11_10528,gi-1042,14.846389773996167,7.192706408846775,-0.13248831274259604,-4.130444781769234,-4.66342073475197
Plate01_2012-06-11_10529,gi-1042,-0.9536230592715732,3.4541674909276536,0.6148581998108053,-0.5415938001145911,-2.8088838805632634
Plate01_2012-06-11_10530,gi-1042,-6.306466503972072,-9.044583961945275,-0.7526129987545722,1.97349092783602,1.1707132844670365
Plate01_2012-06-11_10531,gi-1042,4.373275331286013,-4.115018720684627,3.1768531770251154,0.6851722726405652,1.4227039261794443
Plate01_2012-06-11_10532,gi-1042,1.3173527427410443,0.09417267060863824,0.1188996517976199,2.636277611871162,-2.535749558396548
Plate01_2012-06-11_10533,gi-1042,10.900467787362725,-6.775638507965827,-7.683951144979192,-4.458528698358191,2.637971160296328
Plate01_2012-06-11_10535,gi-1042,12.368602188599,0.1990520027443836,-0.6702336842039732,-0.32306499015905393,-2.7260607963442043
Plate01_2012-06-11_10536,gi-1042,-1.2168324671491124,-0.08205356065468361,-1.1227871069934596,0.2864744403268085,0.5049973170065236
Plate01_2012-06-11_10537,gi-1042,10.518605293107537,-5.364446377323226,0.3145159402543056,-0.12210918303518895,1.1602978055684687
Plate01_2012-06-11_10538,gi-1042,3.7916550687562722,8.256866457180049,7.344505362803674,10.202542949100415,0.62005853746003
Plate01_2012-06-11_10539,gi-1042,-5.599993290092412,-4.008564296128017,0.3036320980082452,2.0704506446847364,0.8308852710582454
Plate01_2012-06-11_10540,gi-1042,5.5248617817828,2.6379456415103117,1.7853599810396272,-1.2343543489025062,-1.6672241662409044
Plate01_2012-06-11_10541,gi-1042,12.884978789132898,-1.5271852279536118,4.4940351923211965,-0.983458741721802,-3.2743869871514337
Plate01_2012-06-11_10542,gi-1042,7.942018798140861,4.648860056743549,-3.1011005178390385,2.5965013469198253,-4.902240720392009
Plate01_2012-06-11_10543,gi-1042,-5.9962455058825945,-8.555115527704007,3.926350125418136,0.7415570347410845,-1.9717081095275268
Plate01_2012-06-11_10544,gi-1042,2.0846600201033016,-0.8293950387071729,0.8618113786576843,-0.2846691663557265,-4.018786716298712
Plate01_2012-06-11_10545,gi-1042,-2.595944395902998,-10.46505118488302,-0.17015694512440285,1.1291832837819449,-0.8034335034436503
Plate01_2012-06-11_10546,gi-1042,8.366143460343983,6.028964832550713,-0.9015831597489986,-1.2828023148551275,1.1534135221555564
Plate01_2012-06-11_10547,gi-1042,0.8562900102128217,13.078156786784694,-2.7164307662264786,0.25995058107259816,-5.4597371100970005
Plate01_2012-06-11_10791,gi-1042,18.060775848493982,-9.213980320786684,-11.046418919252305,-2.0577295806036138,5.066404615971148
Plate01_2012-06-11_10792,gi-1042,3.120682872644467,-8.247348387963848,3.861661506763951,-1.084874954957607,-0.348900094139451
Plate01_2012-06-11_10793,gi-1042,0.4247828814008561,0.5753544618062211,-0.7562184175894032,-0.6547224022565042,-0.8195880026811972
Plate01_2012-06-11_10794,gi-1042,17.90036330507227,4.945375051550807,-2.4929584295003826,-3.5605091420877457,-4.020543371262821
Plate01_2012-06-11_10795,gi-1042,-0.9400219364491804,-7.729527216744131,-1.6710608737200494,0.9992496353177446,0.08147914580848954
Plate01_2012-06-11_10796,gi-1042,-3.2276178652073058,3.0959361315980414,-2.3761533077990022,-3.0917790899350868,-1.1398625263885347
Plate01_2012-06-11_10797,gi-1042,-5.056367962531159,-2.6498045974991564,3.2695397260372823,0.6915935191044063,1.047293875166596
Plate01_2012-06-11_10798,gi-1042,3.9796044461469866,-2.005399968689844,-2.719821605447088,-0.11945895066731252,-1.1804164949568348
Plate01_2012-06-11_10799,gi-1042,-11.748404748105411,6.7968753624206055,-14.360269933415886,-1.428103235158165,1.7352166694942417
Plate01_2012-06-11_10800,gi-1042,-3.6495772084895455,2.1499377843208007,-15.615905306843256,-0.6741417533966375,1.201568023078558
Plate01_2012-06-11_10801,gi-1042,4.563167389280997,-8.754388102363087,-1.0012105000399534,-1.2598025723320168,-1.983259165370613
Plate01_2012-06-11_10802,gi-1042,-5.043476831792977,-0.30500083753891805,-5.069976733779139,3.4425674217719604,-3.384789595617209
Plate01_2012-06-11_10803,gi-1042,-3.5109998540475167,-0.16656876469711,0.35084586436162346,-2.9271637039163547,-1.339338347688987
Plate01_2012-06-11_10804,gi-1042,-11.19885055857868,2.82601251415234,0.3282159646554573,0.07856149335532094,0.9331620865777828
Plate01_2012-06-11_10805,gi-1042,1.4952177395401371,-0.902673801775773,0.14694749313709446,0.20585164333020087,-2.2838011473910043
Plate01_2012-06-11_10806,gi-1042,2.6379485508364238,-4.188544715955263,-0.10548108201864308,4.52950999677213,-0.9981846453658622
Plate01_2012-06-11_10807,gi-1042,-2.00193192938596,-8.776423443172073,1.889595476359916,-1.6261549476296315,3.368293522713991
Plate01_2012-06-11_10808,gi-1042,-3.338027310476042,3.10661406124158,-2.4199309485932354,2.57673535338388,-3.558763666254288
Plate01_2012-06-11_10809,gi-1042,-3.1639366989379614,-4.460642186314018,1.238604532406023,0.8392488552713673,-1.7290048742620974
Plate01_2012-06-11_10810,gi-1042,0.27093114607888924,-0.9790855818538908,-2.388168372394326,1.0734587500667938,1.2829448234107867
Plate01_2012-06-11_10811,gi-1042,-4.767162708400113,-2.2258383373564152,6.2876568983179855,1.0505086130660242,0.2147150653739854
Plate01_2012-06-11_10812,gi-1042,-4.8979448265364285,0.9042767542614204,1.5762638002969769,-3.108175472999385,-0.6546808129425895
Plate01_2012-06-11_10813,gi-1042,-0.1744785029959319,-7.1351024439722535,-1.2024248521441725,0.3274222028772568,-1.3833610525396032
Plate01_2012-06-11_10814,gi-1042,2.582311973606714,-0.004690479467829618,1.944888340940976,2.2976855503339486,-3.595928518355192
Plate01_2012-06-11_10815,gi-1042,3.883292074552142,0.2143768473074953,2.990078288208775,0.6202586842440481,-2.3168389490979706
Plate01_2012-06-11_10816,gi-1042,12.481137734177914,-3.2245323306316065,-1.4061815321891111,0.24032712871491976,-0.14686845912170934
Plate01_2012-06-11_10875,gi-1049,-0.5964826157721098,-1.089701922009508,0.6784511521026839,0.6061424183395061,-3.6645327120894136
Plate01_2012-06-11_10876,gi-1049,11.980979424558097,-6.631602739476099,-9.523547186056591,-2.7112776254070914,3.2753106526365707
Plate01_2012-06-11_10877,gi-1049,-3.0080751043335723,-2.09131156612593,4.079017704813968,2.368311457059186,1.5147624209055506
Plate01_2012-06-11_10878,gi-1049,-1.4456842822694074,-9.818665796931269,3.3814885212852244,1.3821266903222322,0.4649492632780389
Plate01_2012-06-11_10879,gi-1049,2.6069075709894847,-1.884102544683328,2.0610174712579568,-0.6257164525161872,1.5476637122512245
Plate01_2012-06-11_10880,gi-1049,-0.01788561479619099,-4.445028670156504,0.7545379048426836,0.4595215036952616,-0.749412489426335
Plate01_2012-06-11_10881,gi-1049,16.985878943870805,8.640152512538931,4.4186770754577225,0.12962042748643482,12.185036328850934
Plate01_2012-06-11_10882,gi-1049,3.925498029951055,-3.6323776367170733,-1.4225283678302731,-0.055412046246079816,-0.6110917842332829
Plate01_2012-06-11_10883,gi-1049,0.4426480626202691,-3.8842829174028015,0.8975049276889312,-1.8093610534075328,-1.182080165373689
Plate01_2012-06-11_10884,gi-1049,1.160685332389354,-10.750087621338901,3.8612560313329007,0.8453680888494298,3.680916659677353
Plate01_2012-06-11_10885,gi-1049,9.355139635322931,6.947645779047015,3.7703304413231504,2.4127275158662678,-3.740369315374077
Plate01_2012-06-11_10886,gi-1049,-2.964985389195579,-1.1754832304475895,6.225040058902394,0.009371699982211512,2.2385134405595326
Plate01_2012-06-11_10887,gi-1049,-2.6651825051002644,2.3566641586712085,0.8609250090070674,5.6696354481459785,-0.07230276652542053
Plate01_2012-06-11_10888,gi-1049,-3.9093760289395982,11.591602168158154,14.946256431216097,-0.3342631924444731,10.384463453467806
Plate01_2012-06-11_10889,gi-1049,0.3831328627693417,1.1291442428879197,2.4572855113672345,3.470532939593668,-2.5207570759640223
Plate01_2012-06-11_11072,gi-1049,-0.3625552968889237,-2.667728193473983,4.332614072503969,-0.09515107311440192,3.4409566701136955
Plate01_2012-06-11_11073,gi-1049,-1.8452325773883749,2.7052617780191643,-2.5259532097881903,2.326318843368416,-0.4989250156923395
Plate01_2012-06-11_11074,gi-1049,18.09141748993513,6.124398924518507,1.0525005594738783,-1.6332173984143654,-4.141413704246276
Plate01_2012-06-11_11075,gi-1049,3.1259663382616147,-3.0866242420874297,0.3465579164265357,4.6481806787707365,0.9408535237380292
Plate01_2012-06-11_11076,gi-1049,4.394111205384272,-0.3897082658547288,-3.2052036843531613,4.197236476145354,-0.9635978034158528
Plate01_2012-06-11_11077,gi-1049,-6.390108096644096,-5.676407588580612,4.802083201556204,4.5817237149180965,1.8467640819986761
Plate01_2012-06-11_11078,gi-1049,2.4920405922328843,6.090692277337288,0.0026370914117595373,-1.184663485905725,-2.000732872922212
Plate01_2012-06-11_11079,gi-1049,1.3427708974636727,-9.463116526252316,3.640321974995409,1.8785197481511409,1.8669574561285749
Plate01_2012-06-11_11080,gi-1049,-1.3572344662994194,4.596053211782062,2.161558466082978,2.6985616526284413,-2.926959979637047
Plate01_2012-06-11_11081,gi-1049,5.716440588163077,-0.6095112530507444,9.238612571057967,-0.7331176446576063,2.2501742820257777
Plate01_2012-06-11_11082,gi-1049,16.03831232071209,-13.486262797210289,-3.2055101738164016,5.2894657379389685,6.901944415767442
Plate01_2012-06-11_11083,gi-1049,-0.8325606494119845,-7.281919209372758,4.296175918895806,1.99699201366898,2.4506917843970206
Plate01_2012-06-11_11084,gi-1049,11.224783156691036,-4.610947191474049,-6.6136287846930095,2.3807692030727923,2.8924824988925515
Plate01_2012-06-11_11085,gi-1049,-3.2822154722060186,-3.172971203595622,6.344582233216952,1.8152157946412952,-1.1093408873761623
Plate01_2012-06-11_11279,gi-1049,6.953375136865972,-3.2925483562331683,3.8107385154899847,1.7613816801807538,1.5445216648368092
Plate01_2012-06-11_11280,gi-1049,-5.269925187879824,-6.705240187779667,2.278068920523606,3.1836686218985535,2.2202714804107155
Plate01_2012-06-11_11281,gi-1049,-3.897958466234084,-0.139235290308579,1.7816932312475215,-2.6657127613702394,-1.7751248317592847
Plate01_2012-06-11_11282,gi-1049,-10.908653710010784,7.964330016976698,-19.3907094959633,-0.4006013435917357,4.059182365326451
Plate01_2012-06-11_11283,gi-1049,18.54326102601145,5.712723444060665,-2.8195908143670585,-1.9957417396692303,-3.1514284314007686
Plate01_2012-06-11_11284,gi-1049,-7.730065057882433,-6.1145986792353275,2.760123945698388,-0.0025750306537436225,0.9056785069772412
Plate01_2012-06-11_11285,gi-1049,-8.273310417465657,1.9796171330467487,5.5649643068842245,-2.7146106119751736,-1.495691517487483
Plate01_2012-06-11_11286,gi-1049,-5.649380700703253,-5.225326513347269,5.909184475593071,2.335849460389876,0.12121154151304925
Plate01_2012-06-11_11287,gi-1049,1.7046563791613247,1.4966240696361213,3.1483118239417984,0.4583518491442388,-4.1684721452897255
Plate01_2012-06-11_11288,gi-1049,-8.546993656102599,0.6483992213156657,4.1066117108451605,0.41577260229917795,0.6108327226497793
Plate01_2012-06-11_11289,gi-1049,1.5450124166730712,0.2097193299100389,-0.930556396057396,2.1656881142611373,-2.9655200819955048
Plate01_2012-06-11_11290,gi-1049,-4.7720631213563225,7.02885639821962,-0.8985826668216348,1.4958087655253884,-0.17236274668885426
Plate01_2012-06-11_11291,gi-1049,-10.639917710610266,-5.062433034515615,3.073441818909642,0.4849255415742243,3.1007843511260287
Plate01_2012-06-11_11292,gi-1049,4.883538362588603,0.4166264479286148,0.9869614239919746,-1.9829787811350736,-4.01696344020854
Plate01_2012-06-11_11293,gi-1049,-0.9099922465417724,2.2964875697951683,-1.8226461797622224,2.565935821894043,-0.5125633962592633
Plate01_2012-06-11_11294,gi-1049,7.029749021610267,-9.799341752358828,-5.473597397673251,-3.4305960365243524,3.9386291373488964
Plate01_2012-06-11_11295,gi-1049,-0.15687411479741858,-9.210830412637687,4.175017243462577,-1.3879324653414855,2.454452437656578
Plate01_2012-06-11_11296,gi-1049,-2.336644114329684,-0.7030571945519467,3.012197897430223,1.1022024029427604,0.9751833832564476
Plate01_2012-06-11_11297,gi-1049,3.5354074492389995,-2.259105789612758,1.3707313727032433,0.7487023482796444,-2.0230248359581475
Plate01_2012-06-11_11298,gi-1049,-1.1985943277741509,4.214678661292873,0.6645689091637883,0.6895869521822149,-2.409129887812365
Plate01_2012-06-11_11299,gi-1049,8.817462346110368,-1.3557442435408409,1.94630677951566,2.1663185890769063,1.0537919196310288
TS4-CD-37_2012-06-19_1528,gi-8047,2.2728688737190432,4.305724726833933,-3.625794702813493,-8.15482405386188,4.685317991210342
TS4-CD-37_2012-06-19_1529,gi-8047,9.458976753075506,-6.284545308889142,-12.801406254198644,-4.4214720479983285,1.7766863448364898
TS4-CD-37_2012-06-19_1531,gi-8047,12.752330528793669,8.037623888931137,-2.3895874905619667,-5.915002636807897,4.2568364875413
TS4-CD-37_2012-06-19_1532,gi-8047,16.029411075164564,-11.225892010311382,-9.057549158947351,-2.4960840833825166,12.857743029116016
TS4-CD-37_2012-06-19_1533,gi-8047,2.967516454289129,5.24175194734215,5.754884652020753,-0.276866807569857,10.485111149373047
TS4-CD-37_2012-06-19_1773,gi-8047,11.030207136245354,-16.502641192188857,-11.36409877485223,-0.9277096861714894,3.2605073704819927
TS4-CD-37_2012-06-19_1774,gi-8047,1.8994020386137096,11.037527340848387,-0.2231476151464812,-9.584036800524114,14.639898613208695
TS4-CD-37_2012-06-19_1775,gi-8047,1.7012444518084908,9.744738492061868,-0.5779174934603635,-2.5635841006146305,-5.482709594684285
TS4-CD-37_2012-06-19_1776,gi-8047,-0.2533229114753133,5.5695743381131635,3.735852639913584,0.1626353700714318,-1.292898940440863
TS4-CD-37_2012-06-19_1777,gi-8047,-2.442667316857685,1.4122336889596343,-18.84518252811363,0.2818835798873002,0.9422534650840856
TS4-CD-37_2012-06-19_1778,gi-8047,9.224378066774667,-11.810922672706239,-4.4129121504840425,-4.5298584672497855,7.533397164171768
TS4-CD-37_2012-06-19_1779,gi-8047,2.024877378837186,5.416611053992663,11.393380519770439,-2.579078981012453,8.39835579405887
TS4-CD-37_2012-06-19_1780,gi-8047,4.888073315258633,1.4239528459821846,7.266654262115575,0.1895061558928958,3.976885367128237
TS4-CD-37_2012-06-19_1781,gi-8047,12.908507752731627,15.088968404369686,11.575937875647345,4.479292572272343,10.590311618817882
TS4-CD-37_2012-06-19_1967,gi-8047,10.185305909135783,-6.215278637738472,-3.149440866088905,-0.7763998250997571,9.335475465168546
TS4-CD-37_2012-06-19_1970,gi-8047,-19.790526201799384,13.633791630539966,-20.22711498660604,-3.634016518274832,7.2704357356650045
TS4-CD-37_2012-06-19_1971,gi-8047,5.076840898534771,10.475533243376235,11.265234937022495,5.367950637725258,0.7994915448312271
TS4-CD-37_2012-06-19_1542,gi-8049,3.5253436129163664,-3.092857092586108,-5.154680858808804,1.6124572222286553,-1.9396092133543457
TS4-CD-37_2012-06-19_1543,gi-8049,-3.341655679993635,2.0171057245842414,-1.1834308381808245,-2.5400279258757075,-3.3242732309252765
TS4-CD-37_2012-06-19_1544,gi-8049,-2.3940354853967842,8.323866277188356,10.006189798667783,-0.5099791428012602,3.534438283370213
TS4-CD-37_2012-06-19_1545,gi-8049,9.366146203934084,3.4748194295128365,-11.286033447589517,2.4834876446737595,-4.056312459698376
TS4-CD-37_2012-06-19_1546,gi-8049,-1.362189232297748,-2.278821479041884,0.006089724297676424,0.19896513568984947,-3.0294602645367728
TS4-CD-37_2012-06-19_1547,gi-8049,-5.2913491545580795,10.393149527294456,-11.422056313761287,-3.1296642781989403,-2.6379915723449083
TS4-CD-37_2012-06-19_1548,gi-8049,8.465706950051162,-5.263722154231327,-6.926538209784948,2.3498953909379017,-4.065634223389895
TS4-CD-37_2012-06-19_1549,gi-8049,2.584212847483885,-3.2912098159254883,-3.292204070174418,-0.942589961329466,-4.032044654538362
TS4-CD-37_2012-06-19_1550,gi-8049,-1.1701461736756953,-7.51968530321937,2.1662625818914907,-3.701897065986549,-1.7176039938528809
TS4-CD-37_2012-06-19_1551,gi-8049,1.2134079542066332,4.321621238125719,-4.7856793434608464,-1.2837443554612946,-3.8532964485521424
TS4-CD-37_2012-06-19_1552,gi-8049,-1.6178742168330769,-0.041067571700445366,-10.515870827155961,-4.5079010915691375,1.623767586983133
TS4-CD-37_2012-06-19_1553,gi-8049,8.339732203195986,4.566588927883113,-0.8257843940911545,-4.201003464848335,-4.540437244983019
TS4-CD-37_2012-06-19_1555,gi-8049,1.4769957247459873,7.891076289487648,-7.684389514206336,-7.842741047431753,1.9670712607352456
TS4-CD-37_2012-06-19_1556,gi-8049,0.3162256338686417,5.329149802356413,-4.366694418801089,-1.5306638836902573,1.5431667945349663
TS4-CD-37_2012-06-19_1785,gi-8049,-2.538548975624372,-0.4573192689541369,-7.392525967441722,-5.741338170476871,0.5688144081177131
TS4-CD-37_2012-06-19_1786,gi-8049,-6.084601647111403,3.1746628585581527,-1.5412662301086768,-1.022734931871164,0.20923043138104466
TS4-CD-37_2012-06-19_1787,gi-8049,2.988793380486628,-7.541602592816423,0.0674322088703372,2.292980490266801,6.920390625048992
TS4-CD-37_2012-06-19_1788,gi-8049,-4.3315904696556835,-2.64370934063165,-3.138436219427143,3.783991923541164,-4.210103304093302
TS4-CD-37_2012-06-19_1789,gi-8049,-3.5739914159870523,-0.3856411956998936,-3.065967735153356,1.1109080091763877,-4.107274162438577
TS4-CD-37_2012-06-19_1790,gi-8049,-6.972023812754539,10.884161333113381,-1.4708178191798813,0.4416315306328593,-0.7027603839606634
TS4-CD-37_2012-06-19_1793,gi-8049,-2.6531463832431483,1.1960183362727703,0.8392893247438403,1.2485519492572357,-3.197315983908919
TS4-CD-37_2012-06-19_1794,gi-8049,3.5194651482462778,1.5555642641198415,0.15908568834406372,-4.661885417679512,-4.012712249186026
TS4-CD-37_2012-06-19_1795,gi-8049,-4.665021149440132,2.7366462620041605,-2.340182469239396,6.860741418399036,3.4932937445596584
TS4-CD-37_2012-06-19_1976,gi-8049,10.956279040257176,-9.805878025558043,0.5536809467850565,3.3328416274190085,6.096431889815196
TS4-CD-37_2012-06-19_1977,gi-8049,26.89911349384069,7.059438538365368,-10.65299527465295,-9.944525683180565,8.766984310540645
TS4-CD-37_2012-06-19_1978,gi-8049,1.634298107584074,10.591734327356725,-14.467798968782425,1.7713349397430256,-3.9973882205285833
TS4-CD-37_2012-06-19_1979,gi-8049,14.748846711265776,-9.757240862356484,3.2396577187752444,-4.0974528244791655,1.2270123760574263
TS4-CD-37_2012-06-19_1980,gi-8049,8.427971219391036,-3.7259978459023566,-8.806338610155418,-2.7864236943980765,-2.698222038250925
TS4-CD-37_2012-06-19_1981,gi-8049,5.249912382316538,-4.253241266475866,-5.569210017565851,-1.2057991765947251,3.970562069287485
TS4-CD-37_2012-06-19_1982,gi-8049,-0.04437647704682447,1.2819718731279175,0.7497036315208654,-0.9918128184988936,-1.6955027411725063
TS4-CD-37_2012-06-19_1983,gi-8049,11.443463301941025,-11.416208294021803,-3.8558255725316966,1.2794329992334899,0.4028358800661974
TS4-CD-37_2012-06-19_1984,gi-8049,-0.6309642267772682,1.882321549908496,-3.705282775307004,-0.4246597793502164,-3.2139362290674387
TS4-CD-37_2012-06-19_2071,gi-8052,-0.21252692729798653,0.774255470867838,4.026654855644368,3.8799837199822402,0.7051975565675254
TS4-CD-37_2012-06-19_2072,gi-8052,8.070522323321235,-0.5037267015117539,1.8120941450717785,5.459030209452994,-4.233733243442344
TS4-CD-37_2012-06-19_2073,gi-8052,2.0488823875102056,1.4508663765901393,7.989447975069426,0.6457159927494264,1.6663670792013845
TS4-CD-37_2012-06-19_2074,gi-8052,-3.2500114300270138,-0.2587823481794214,1.036093776501662,2.8369491506611872,-0.3205051140456003
TS4-CD-37_2012-06-19_2075,gi-8052,-3.375645227301366,-4.9961986861388334,2.514303750097128,-0.1713829378626104,-1.2534940647077997
TS4-CD-37_2012-06-19_2076,gi-8052,11.120357697663758,-3.065068433668821,2.212981311568893,1.215996674888501,-1.4307926406917806
TS4-CD-37_2012-06-19_2077,gi-8052,7.067996546625572,3.4175914529341567,8.834571206721751,2.2104772019531165,0.9582993401102676
TS4-CD-37_2012-06-19_2078,gi-8052,6.865600662235536,6.542060349318475,4.399840388852816,3.9784021762476813,-3.249457143231264
TS4-CD-37_2012-06-19_2079,gi-8052,-2.7412624007219955,-0.02633270919238486,-0.8817081842927281,4.685972155253613,-2.8549024473192333
TS4-CD-37_2012-06-19_2080,gi-8052,3.5589955651153096,-1.3806317780827468,3.6142755803923614,3.7140754022955975,-0.9447594547013364
TS4-CD-37_2012-06-19_2081,gi-8052,-2.1292391595315587,7.057549864777213,4.097669684689556,1.3950775110905282,2.277014252963129
TS4-CD-37_2012-06-19_2082,gi-8052,-4.08958615039733,25.518056972343434,5.5610327579856715,-1.1181584143898686,7.975749367789952
TS4-CD-37_2012-06-19_2083,gi-8052,-2.890082256950808,4.677965014281879,6.19008211388396,4.7588436035774615,-1.0585648004164283
TS4-CD-37_2012-06-19_2084,gi-8052,11.636157594723306,-5.728751410664714,-10.04394594646714,-6.807414471074901,5.966524856457639
TS4-CD-37_2012-06-19_2085,gi-8052,-2.154090588211039,-0.9804161736238722,6.678088335586077,1.8375645801905949,0.6741035712905812
TS4-CD-37_2012-06-19_2086,gi-8052,0.1171769518069096,9.538997396006227,1.4296139801286143,-0.27555527113761064,5.323624170617251
TS4-CD-37_2012-06-19_2087,gi-8052,-9.012729654770164,1.4281410140271318,10.0188630803742,-8.237785764197707,-0.4559110529944957
TS4-CD-37_2012-06-19_2088,gi-8052,4.602107582335734,-6.2959946979562424,-0.8382007822664596,3.489329686081752,2.435375851727407
TS4-CD-37_2012-06-19_2089,gi-8052,-13.406631566367311,-5.1382981494032585,8.021069948793313,-3.90562291467724,2.3322982807367705
TS4-CD-37_2012-06-19_2090,gi-8052,-3.6384637980111,17.969601621288255,8.164694384675192,-1.5881238194044067,4.702453711231864
TS4-CD-37_2012-06-19_2091,gi-8052,-6.38929329301603,3.5952056996293162,0.7956510710286979,1.6784644376452742,0.2676440221088192
TS4-CD-37_2012-06-19_2092,gi-8052,9.25956296773434,-0.9329100005375464,2.426075227185064,2.639810015403865,0.3494620129938162
TS4-CD-37_2012-06-19_2093,gi-8052,-3.3808245358878746,0.9301840484573114,0.43268737802941454,0.4971242806068559,0.9475232787786928
TS4-CD-37_2012-06-19_2094,gi-8052,-7.530074496942892,0.5787891635083741,5.640092413125808,5.294931226348488,1.4438285850086163
TS4-CD-37_2012-06-19_2095,gi-8052,-3.4851097516363145,-6.871041006590037,3.0761063471072148,1.0372578495430806,-1.7476751559649528
TS4-CD-37_2012-06-19_2096,gi-8052,-0.5145118676746905,-5.731399641306666,0.6108244352548574,3.6400357397580416,6.844030283849532
TS4-CD-37_2012-06-19_2097,gi-8052,-5.137882559439659,5.432221075781229,1.5105116418418925,3.2224511898578645,-1.0186702205573952
TS4-CD-37_2012-06-19_2098,gi-8052,3.6126061179207527,-2.910477998638361,3.156511699438708,3.7038405659586537,4.0843761203365325
TS4-CD-37_2012-06-19_2099,gi-8052,-5.835582992516057,2.01230584108552,-2.756160183861838,3.939425583899643,-1.1361229582963046
TS4-CD-37_2012-06-19_2100,gi-8052,-4.461162547821446,4.555689907934671,-0.3699931329637449,-3.4921035248094525,-1.4250946831587068
TS4-CD-37_2012-06-19_2101,gi-8052,-10.442690222880014,6.984444823083379,-3.910417619943508,2.6481789095794466,0.7463213619380217
TS4-CD-37_2012-06-19_2102,gi-8052,-5.051063090462663,10.262105406011825,1.3844623302050412,-3.1872293684465336,-0.07801485237971488
TS4-CD-37_2012-06-19_2103,gi-8052,4.390284098825837,-1.9375384178903976,-6.5333292902167495,4.5299203761885645,1.5866393101212428
TS4-CD-37_2012-06-19_2104,gi-8052,5.295974263317088,-0.0030319127761799665,2.398731309746688,4.872142323999747,-1.4902906008390506
TS4-CD-37_2012-06-19_2105,gi-8052,6.928958979976112,0.3827387930716481,3.6182201033635777,-1.1176974247006637,-0.3135457075130548
TS4-CD-37_2012-06-19_2106,gi-8052,13.177100734056035,3.659981026218456,0.2870129976837767,1.2417513449362034,-0.712573367163615
TS4-CD-37_2012-06-19_2107,gi-8052,13.597570807702516,-0.4426045922131932,5.7863442319208875,5.047001720026742,6.242258138990463
TS4-CD-37_2012-06-19_2108,gi-8052,1.8154632105823447,21.983714501821538,6.14094391915339,-1.2088816312051485,6.628811338543974
TS4-CD-37_2012-06-19_2109,gi-8052,-7.030604870526638,4.189881885908411,2.5078124721369157,-2.9443397771564075,0.20913994280123044
TS4-CD-37_2012-06-19_2110,gi-8052,10.542770365938571,19.40737687246521,8.965217477387663,-0.2002342434242096,9.573449850303069
TS4-CD-37_2012-06-19_2111,gi-8052,0.3168460502786403,-1.0308603268752086,-0.9506210415277998,-0.8468635683922565,-0.23695462503039744
TS4-CD-37_2012-06-19_2112,gi-8052,-0.6735647669963541,10.339293848898427,3.0202555695052618,5.127121347451181,4.617349011054406
TS4-CD-37_2012-06-19_2113,gi-8052,1.4469821330437629,-0.8951673706780455,4.811447954889885,6.675660872587818,0.03915254555083713
TS4-CD-37_2012-06-19_2114,gi-8052,1.902412572140482,2.171983986171104,3.7938473648074638,-0.7728205586104225,-5.038003788724986
TS4-CD-37_2012-06-19_2115,gi-8052,2.44572669871585,-0.2722613075804176,7.568347223403282,-1.9322306783148584,-0.2970201029216913
TS4-CD-37_2012-06-19_2116,gi-8052,0.7622943445493596,-4.877318367515468,-2.549058063865296,3.3033664500232685,-1.5185351080503144
TS4-CD-37_2012-06-19_2117,gi-8052,-3.290980105354472,-1.754008382393645,5.206446383510552,4.462817784775713,0.9900856042987968
TS4-CD-37_2012-06-19_2118,gi-8052,7.722405524075893,2.6710232772821105,2.6318837442762657,1.777896186126824,-1.2815396841600826
TS4-CD-37_2012-06-19_2119,gi-8052,12.563418217082233,2.625902857907583,0.5485681184976341,0.5250926141284711,-2.4261211549898127
TS4-CD-37_2012-06-19_2120,gi-8052,3.0759090473782065,3.8411310261638527,-2.7169120522267804,0.125098005588069,-0.497590000965583
TS4-CD-37_2012-06-19_2121,gi-8052,-4.083911864042345,5.499777910585091,1.2111455827653144,4.482604633532973,-0.16250251159703213
TS4-CD-37_2012-06-19_2122,gi-8052,1.5608618810803114,-9.369431747223503,-8.466044026254476,-4.430069512746312,6.163372370698864
TS4-CD-37_2012-06-19_2123,gi-8052,0.5212940582068095,4.158926507329372,3.6072927605237264,2.4876100430778862,-2.1830956367821592
TS4-CD-37_2012-06-19_2124,gi-8052,0.7335461354477772,1.2701024079363863,4.210540784371499,5.260347095362438,-1.0073354285689309
TS4-CD-37_2012-06-19_2125,gi-8052,5.387216460972214,-7.314780502776516,3.5883816608556107,-0.06280327715847976,0.16223802882905006
TS4-CD-37_2012-06-19_2126,gi-8052,0.921921236673786,10.180830576029908,1.4463610903388526,-0.07203338758394569,-1.6065529497083206
TS4-CD-37_2012-06-19_2127,gi-8052,-0.7573216458870328,-1.6293640863001346,0.7294703645568462,0.916251671917952,-2.8622396528533964
TS4-CD-37_2012-06-19_2128,gi-8052,-11.405394762587258,8.109018544764451,2.078396237981257,-0.9588888626017726,5.2290987862556415
TS4-CD-37_2012-06-19_2129,gi-8052,8.13214150473228,5.0481229620524894,0.7724885516025712,2.447463468836969,8.912669781285526
TS4-CD-37_2012-06-19_2130,gi-8052,-0.4013275637158539,1.4604990397418938,3.045688788927368,4.836443963831064,-1.6850314561468216
TS4-CD-37_2012-06-19_2131,gi-8052,-0.22340441557214186,2.3001498317896534,9.997553720958427,2.3010478190263752,-1.7463382901505964
TS4-CD-37_2012-06-19_2132,gi-8052,-7.456539608811929,20.40135597689091,13.784148086463466,8.478501218236639,14.999712172895384
TS4-CD-37_2012-06-19_2133,gi-8052,22.553388523342104,16.275748162788364,6.195686289418611,0.2235917305229752,-1.1306800848000615
TS4-CD-37_2012-06-19_2134,gi-8052,-6.1942383581139735,-4.90046743040888,6.220447386392456,1.9382478994854933,2.041586935790359
TS4-CD-37_2012-06-19_2135,gi-8052,0.0047631070239077325,10.92695050970788,3.9252515599398223,3.052894737799992,0.675258405359759
TS4-CD-37_2012-06-19_2136,gi-8052,-3.4725416102092863,19.440774630133813,5.300029990522359,2.6975182199637207,0.5270515818887355
TS4-CD-37_2012-06-19_2137,gi-8052,-4.631778366248153,-1.4982850527435612,6.535150204455308,1.5327646822440364,-1.1030436412140712
TS4-CD-37_2012-06-19_2138,gi-8052,7.956941921314647,-1.6394177877818248,3.4226159536028136,5.708758369815189,-0.4497850216005678
TS4-CD-37_2012-06-19_2139,gi-8052,-3.2154552662079703,-2.396345900677588,7.278554134570467,0.3343402915911002,3.801606565748093
TS4-CD-37_2012-06-19_2140,gi-8052,-6.7992401288982105,-1.8353646265876344,0.9830989191258224,2.3292600169826545,-0.8411400711433451
TS4-CD-37_2012-06-19_2141,gi-8052,-4.779469909768668,2.5027449693375483,0.7344793942287491,6.191555646984951,0.14039703118366495
TS4-CD-37_2012-06-19_2344,gi-8052,2.0865651205067306,2.8612038059260274,4.6476990607229025,2.5147430104316943,1.3916503860391496
TS4-CD-37_2012-06-19_2345,gi-8052,4.526935377745252,-1.4616358122916038,7.805062844067832,6.2504271308655195,0.8404362675887462
TS4-CD-37_2012-06-19_2346,gi-8052,11.086929637135787,-2.4308987141094223,4.191394776010975,1.964574876076386,2.866139302536709
TS4-CD-37_2012-06-19_2347,gi-8052,4.183965184404201,2.1410545923440822,9.491706821689297,10.36797540234742,4.710300629586623
TS4-CD-37_2012-06-19_2348,gi-8052,0.9723118457968892,-0.12389913006833847,10.688554400745682,5.7558502496967625,0.6535885054902831
TS4-CD-37_2012-06-19_2349,gi-8052,-3.556122991566645,0.3521711771472927,-1.010358213832883,-0.9670681363780288,1.2059795158499336
TS4-CD-37_2012-06-19_2350,gi-8052,-1.4909831293877944,-0.29894760467484066,3.762635879528125,1.10472136089479,-0.05276230481778224
TS4-CD-37_2012-06-19_2351,gi-8052,9.645530287083915,1.8175730725895918,11.341392595426669,6.099478197199602,5.8589162967249795
TS4-CD-37_2012-06-19_2352,gi-8052,2.052567259728977,7.615364255860799,8.909758164852223,4.7419958526045525,2.4347078979234222
TS4-CD-37_2012-06-19_2353,gi-8052,2.1253600240208157,6.453284742140071,10.299461214242626,2.3545438753679107,1.666401549179816
TS4-CD-37_2012-06-19_2354,gi-8052,-2.1598674380980336,1.225525763473808,0.017162193005835092,6.6347226589685055,1.1204527059866038
TS4-CD-37_2012-06-19_2355,gi-8052,-1.0582919001139504,6.1533417186814745,3.2094070366696785,3.560955697012956,-1.9314317267376675
TS4-CD-37_2012-06-19_2356,gi-8052,7.667190619452068,-2.2933970542055166,1.8713945336514264,1.323930231095258,-2.220028128110223
TS4-CD-37_2012-06-19_2357,gi-8052,0.7666978260871616,5.3256802527944105,-2.609019880596845,2.309112592408223,-1.5053402136024758
TS4-CD-37_2012-06-19_2358,gi-8052,7.952569394550648,-4.467411859575272,4.914782952649646,9.16285476398738,2.9377110203162644
TS4-CD-37_2012-06-19_2359,gi-8052,-4.376266801441103,1.1711333839260558,7.9546572601270364,1.9018736985838005,-0.19223419663451285
TS4-CD-37_2012-06-19_2360,gi-8052,1.4267596975587356,2.6645573642016096,4.785098486885116,2.6005431555891247,-1.1836692198051346
TS4-CD-37_2012-06-19_2361,gi-8052,-10.061192503014768,17.93655403542541,3.5816429060621138,-1.2882413510909108,4.7034787880524025
TS4-CD-37_2012-06-19_2362,gi-8052,-5.816754303217553,4.738555857044294,2.95497709791335,0.4289664720518722,1.7846960650381214
TS4-CD-37_2012-06-19_2363,gi-8052,12.872335339182813,-4.892101437250195,5.1699895340704005,6.6222741120975135,8.259165778885261
TS4-CD-37_2012-06-19_2364,gi-8052,-4.4137690877680935,-1.6262936618620043,6.78362159221138,1.4433223422789547,3.996050207899152
TS4-CD-37_2012-06-19_2365,gi-8052,11.752212350265474,3.0925394618552136,3.11440783009395,3.5243565946201976,-0.1399049719386887
TS4-CD-37_2012-06-19_2366,gi-8052,3.8549782276082887,1.5743723023927636,3.2363446700758622,8.026634340983916,-1.1076150128680122
TS4-CD-37_2012-06-19_2367,gi-8052,-3.9677513013134975,9.94516337244635,2.686315446775032,2.220431754709652,-2.4668620205880147
TS4-CD-37_2012-06-19_2368,gi-8052,-5.1596876171853046,10.635156120258582,0.4674639255243036,-1.4842860065184995,1.3904130985180059
TS4-CD-37_2012-06-19_2369,gi-8052,7.0837423223133005,3.0641710959403663,1.0510628460176374,1.1177913720590356,-1.0334178138146366
TS4-CD-37_2012-06-19_2370,gi-8052,5.65786135553605,7.8611852760914465,1.9008426393860844,1.2223917045371808,-2.338110306672873
TS4-CD-37_2012-06-19_2371,gi-8052,-5.014037011468028,2.3129481738887177,-15.851835521465313,-1.1670527748171322,0.6187113890742373
TS4-CD-37_2012-06-19_2372,gi-8052,-6.145107207488754,3.9973051014316563,9.610437318024113,0.8220617173041787,3.143822203909299
TS4-CD-37_2012-06-19_2373,gi-8052,-3.502352280267868,6.8339012358331335,7.051240054985639,-3.6138403995574495,-2.6164502384369173
TS4-CD-37_2012-06-19_2374,gi-8052,-5.3766618207614645,4.258500471431084,9.935551973854796,1.4397031263379287,0.8119095854311847
TS4-CD-37_2012-06-19_2375,gi-8052,7.869205686761512,3.301236016598584,11.206883482722592,5.466900226114111,4.982544124017847
TS4-CD-37_2012-06-19_2376,gi-8052,0.6409971915400526,7.589103332363548,7.534269787107513,-1.2378472847730813,-0.7094207233276629
TS4-CD-37_2012-06-19_2377,gi-8052,7.77150515447055,2.9609225415315734,4.972636953506091,8.030739554526651,2.8893472456765807
TS4-CD-37_2012-06-19_2378,gi-8052,-12.548641439351973,7.055475825418199,-14.153899877104044,-4.29320137564653,3.0659997830228485
TS4-CD-37_2012-06-19_2380,gi-8052,5.577393622114637,1.898699858022272,1.4566634090041326,2.468001507415428,-3.9400445300728952
TS4-CD-37_2012-06-19_2381,gi-8052,-6.53174033180785,0.5309662674085679,0.9965780855944886,3.311968431733366,-1.6465965363567323
TS4-CD-37_2012-06-19_2382,gi-8052,21.314804216650586,0.17229901945048853,-3.4599617098111994,4.5250129027566794,7.712916638228671
TS4-CD-37_2012-06-19_2383,gi-8052,0.2106571142358248,12.28236726977984,10.020363326251507,-5.006284498927919,-0.1616339972535359
TS4-CD-37_2012-06-19_2384,gi-8052,-2.6423492870748926,0.4364877227282435,6.8201114482086655,-1.0768988975535516,3.127113452259425
TS4-CD-37_2012-06-19_2385,gi-8052,-4.646921207513895,4.896076285118664,1.7246351468677863,1.1413991748945471,1.987668449728236
TS4-CD-37_2012-06-19_2386,gi-8052,11.994519888215535,-0.7277710857278366,0.6534112061156151,4.201671404371687,4.301486972913199
TS4-CD-37_2012-06-19_2387,gi-8052,8.556990617250905,-18.162820268846666,-10.19497316210221,-3.3971619232403927,4.908909847615315
TS4-CD-37_2012-06-19_2388,gi-8052,1.806551752030704,5.88466028252326,1.150768180873968,4.141569699131979,-1.09466562239044
TS4-CD-37_2012-06-19_2390,gi-8052,3.2684250717611723,-4.445832417920439,8.942275027556615,6.6399524384231565,3.9335945707648015
TS4-CD-37_2012-06-19_2391,gi-8052,-5.008376200991954,0.4930362564283751,9.47255092779894,-0.9021520401221308,1.71591780514889
TS4-CD-37_2012-06-19_2392,gi-8052,-3.1568812740546117,5.430255572829398,8.215599185818101,1.4759705180920055,1.0101082968496542
TS4-CD-37_2012-06-19_2393,gi-8052,-0.7293441144597647,5.378658568426103,0.6929387724095127,1.475575187447795,3.2017033223133637
TS4-CD-37_2012-06-19_2394,gi-8052,-4.369635206505561,-1.5456336656193554,3.5238919979616545,1.7250345426525238,2.8154220119547926
TS4-CD-37_2012-06-19_2395,gi-8052,-1.8465428008500693,-0.9317030888846796,-4.998780644363079,-6.644873735127715,0.8426355171564174
TS4-CD-37_2012-06-19_2396,gi-8052,-7.3746181257328915,7.370010219860963,8.047612424602388,3.6291477586868672,5.677407574931103
TS4-CD-37_2012-06-19_2397,gi-8052,-1.8871315810237743,11.682481784018133,10.722386930088572,4.230819641954192,9.198802210400107
TS4-CD-37_2012-06-19_2398,gi-8052,-0.25337687380964435,6.220179769707952,0.9932548914241848,6.030142666196435,-1.546426704802636
TS4-CD-37_2012-06-19_2399,gi-8052,8.06601151225736,5.697431644460693,3.934104302668712,3.026925252166091,-2.5973747416337263
TS4-CD-37_2012-06-19_2644,gi-8052,5.562984601925424,3.045591559151564,6.713409509977201,2.195490283977873,1.4830489576182897
TS4-CD-37_2012-06-19_2645,gi-8052,-0.6454503130991283,-3.7374686119532186,5.1203728827191535,3.153336804094572,-1.2530928780413857
TS4-CD-37_2012-06-19_2646,gi-8052,-6.504730527567903,-0.8990527559998298,6.142602854472175,1.1382420331083247,2.3646496816216183
TS4-CD-37_2012-06-19_2647,gi-8052,-3.192305597229852,5.417832114805597,4.1930511087410585,1.234490904650532,1.7999100270862831
TS4-CD-37_2012-06-19_2648,gi-8052,2.6353937397878218,3.68449370994026,3.267129719011358,4.9062917356318465,-0.20112641982399806
TS4-CD-37_2012-06-19_2649,gi-8052,-2.779467045802281,6.620238177151675,5.044138416981267,3.1590626268189617,0.3193685156964741
TS4-CD-37_2012-06-19_2650,gi-8052,-1.142538336508511,13.142095802132735,9.717401965240644,5.46955651823737,8.350367118814159
TS4-CD-37_2012-06-19_2651,gi-8052,6.172874931917497,-2.8709290600260537,3.710560958970964,6.641838060620183,3.1577575751470484
TS4-CD-37_2012-06-19_2652,gi-8052,-5.038361177912655,5.533390198466396,4.886773028097238,5.3899278670518775,3.1900936171846235
TS4-CD-37_2012-06-19_2653,gi-8052,-5.73201903310155,-1.7107365309782854,2.2791528111684403,2.510572797487144,-1.274972107592888
TS4-CD-37_2012-06-19_2654,gi-8052,-1.4722794232794765,1.2139232686378698,3.3999936241693423,1.0968355665465053,-0.2593606510329769
TS4-CD-37_2012-06-19_2655,gi-8052,15.174069794848704,-13.336704151498996,-0.9178553197601366,6.750527481741607,11.697868424933514
TS4-CD-37_2012-06-19_2656,gi-8052,-0.005924518963585507,5.477489810488137,6.995953659715055,1.2589221232055643,-0.7024134917761999
TS4-CD-37_2012-06-19_2657,gi-8052,5.1069660087709385,4.037443831300224,1.9826789964814504,5.343551192530136,-3.142904113241734
TS4-CD-37_2012-06-19_2658,gi-8052,17.260349379328478,-3.4444416978316736,-6.6232580000461745,1.9714597029390224,5.171579288402128
TS4-CD-37_2012-06-19_2659,gi-8052,0.02814823198968018,1.1504318058141547,1.6528220458030412,-1.1642030482125303,-3.0527231135508472
TS4-CD-37_2012-06-19_2660,gi-8052,6.507944419417745,2.943638401714096,5.607038332988704,4.516415028859632,-3.0043416025921283
TS4-CD-37_2012-06-19_2661,gi-8052,0.17480423506202405,4.019615234131787,0.15240478500109636,-1.1749409503586252,-2.9540649200400155
TS4-CD-37_2012-06-19_2662,gi-8052,-2.3877434420317547,-1.02027633661586,1.2543973474984516,1.3089288028008566,-0.299590533699968
TS4-CD-37_2012-06-19_2663,gi-8052,-8.17929604318858,3.3831533054951293,7.07056640682974,1.5352133819142348,2.6771309617956303
TS4-CD-37_2012-06-19_2664,gi-8052,13.612048638530586,-0.92269701189703,0.7097386732767469,6.0531258590262595,5.906533565163064
TS4-CD-37_2012-06-19_2666,gi-8052,-2.165824478590437,5.815728393841888,3.774745116889581,-0.2174896750530373,-2.2754756758055765
TS4-CD-37_2012-06-19_2667,gi-8052,-5.144673789488492,11.067745472348086,2.9069696928252937,-1.620425472454167,0.2346905367447125
TS4-CD-37_2012-06-19_2668,gi-8052,11.377590899107929,3.5353950208158644,6.5039329558102565,5.18673491329821,3.1287599972898734
TS4-CD-37_2012-06-19_2669,gi-8052,-7.1739878285406435,2.6763905873660527,-11.208108342390034,-2.534155063842043,0.07791562254187555
TS4-CD-37_2012-06-19_2671,gi-8052,-1.3542840209346103,15.159478684543956,6.665174719297067,-3.974493377897897,4.486185086540292
TS4-CD-37_2012-06-19_2672,gi-8052,-5.678971805280702,0.12250300725374573,4.733627666990152,2.505441688306352,-0.5267978624186674
TS4-CD-37_2012-06-19_2673,gi-8052,-13.143496798855406,10.088794718449467,4.7257145513774494,0.8434504477997733,5.8899377909176645
TS4-CD-37_2012-06-19_2674,gi-8052,-4.198841666279531,3.1915114605861366,9.251861156511305,-0.9315509748792424,-2.892408081982185
TS4-CD-37_2012-06-19_2675,gi-8052,12.075968443085234,1.1336118216206938,-0.04680210644738232,8.699575080860503,-1.2960393936742507
TS4-CD-37_2012-06-19_2676,gi-8052,-0.7600883268230818,4.854605706036135,-3.3476593690129466,2.220928172774728,-5.079967883718288
TS4-CD-37_2012-06-19_2678,gi-8052,-1.3232903560577256,-0.7408174910485594,5.098816250179587,0.379433330902438,-0.09342270053621264
TS4-CD-37_2012-06-19_2679,gi-8052,-0.4140229043596079,7.315556323262582,7.578064700576777,-0.09672740839242487,-0.6041803007232616
TS4-CD-37_2012-06-19_2680,gi-8052,-1.6825773935246005,16.840306251151098,6.797262166091236,-1.3417827218694875,5.78307966937115
TS4-CD-37_2012-06-19_2681,gi-8052,-4.9189421479551845,8.869134235907087,5.409655129949813,5.756228193038912,3.1675728080283183
TS4-CD-37_2012-06-19_2682,gi-8052,9.496597158257194,-4.6022157119403575,-16.513610358467673,-3.1335507676018244,4.4320519560898735
TS4-CD-37_2012-06-19_2683,gi-8052,0.7704196685629757,0.07263177414354935,4.0382557648424395,3.9124172571935563,-2.493071084720422
TS4-CD-37_2012-06-19_2684,gi-8052,-4.075919602096803,4.129756480569221,7.256388577459272,2.071919783955868,-0.25673719092217023
TS4-CD-37_2012-06-19_2685,gi-8052,8.032820999406017,5.957036031200973,3.915341346391669,4.500756392719463,-2.545314760269276
TS4-CD-37_2012-06-19_2686,gi-8052,2.3062654709827,8.390657125517581,0.4068508943912386,2.878878269244103,-5.934470465397823
TS4-CD-37_2012-06-19_2687,gi-8052,-2.83415989126168,1.219620808513735,5.153638567059327,2.2917996982798283,-1.2242015191167137
TS4-CD-37_2012-06-19_2688,gi-8052,12.80026927640644,-1.970403640961464,3.2770687729522563,1.4055403214322937,1.5229074552173378
TS4-CD-37_2012-06-19_2689,gi-8052,-0.8744704369250477,2.5308232503005343,0.9448851809814544,-1.1912563894323502,3.6095674505861335
TS4-CD-37_2012-06-19_9625,gi-8152,3.3033764476664884,-3.4203110289177268,-8.458505584791371,-5.879467681388661,1.2459404086119044
TS4-CD-37_2012-06-19_9626,gi-8152,8.826249820038766,-3.9467635755511514,4.506757484705736,1.4140883404835818,5.7915167623995725
TS4-CD-37_2012-06-19_9627,gi-8152,0.2922303896229677,-0.7278454822991791,-17.777567565708644,0.3273821514734181,-0.040086787422137365
TS4-CD-37_2012-06-19_9815,gi-8152,4.7648233303748215,8.830083724232994,6.599036144749918,-0.3628491377418807,-1.1591176854752958
TS4-CD-37_2012-06-19_9816,gi-8152,-2.0677413886827094,-1.369155968450959,2.9698357118789183,1.6336050799422643,-0.7832771675640419
TS4-CD-37_2012-06-19_9817,gi-8152,0.024368224021108977,13.284614312816512,2.4418342868025915,9.973299091250023,9.17404416958676
TS4-CD-37_2012-06-19_9818,gi-8152,5.4728637623250656,-12.812222963086375,-6.522641647364298,-3.2432969802475977,2.9630049324495435
TS4-CD-37_2012-06-19_9821,gi-8152,2.7599503731558257,-2.75494177248806,-4.336184773598318,-7.472014006828908,2.9025565456402265
TS4-CD-37_2012-06-19_9822,gi-8152,13.313824081837714,-7.195801014119684,-9.715398892325519,-5.854356849890008,5.319126923111893
TS4-CD-37_2012-06-19_9823,gi-8152,1.7127838333806225,3.594895184220178,1.5643538372069994,0.17974947598542554,0.4087590845930576
TS4-CD-37_2012-06-19_10010,gi-8152,6.585791265946293,-5.083679549547624,-6.225590290537302,-5.2181822670214215,1.4707707130169534
TS4-CD-37_2012-06-19_10011,gi-8152,6.037658975739747,14.342405967826002,1.7700955251329364,-2.8082829126967583,4.862085603390037
TS4-CD-37_2012-06-19_10012,gi-8152,-0.9529589921344448,1.0724048137019828,-18.164516098848548,-0.7401764770689214,2.273547988738045
TS4-CD-37_2012-06-19_10013,gi-8152,6.162354684773242,-4.0542174734659655,-12.219081992914214,-4.666285497969957,2.5104337049730905
TS4-CD-37_2012-06-19_10014,gi-8152,0.22833080401292424,-0.3857420653905607,1.86015184368816,2.2142062844899684,1.4337499898586574
TS4-CD-37_2012-06-19_10015,gi-8152,4.253519097579718,15.531756721488495,4.0143971226497595,-10.025128771031973,3.608109511460329
TS4-CD-37_2012-06-19_10017,gi-8152,1.9578836193061453,11.027117926744397,3.1382519712492587,-6.3809910980646585,-1.2030385551026044
TS4-CD-37_2012-06-19_10018,gi-8152,6.079754241575586,-3.6040439623469287,-15.932336069403437,-3.399267956014465,2.5462404442106235
TS4-CD-37_2012-06-19_10019,gi-8152,18.257097478755103,-0.28229685662451465,-18.98378759333505,-6.805946212653086,1.5802946374696591
TS4-CD-37_2012-06-19_10020,gi-8152,-1.7415908027318159,2.689228883140704,2.106295883072101,2.798896923318324,-0.9711350574439565
TS4-CD-37_2012-06-19_10021,gi-8152,4.743072325555072,6.385438273184934,6.79604596439541,0.8160946449673796,-1.7145933450746285
TS4-CD-37_2012-06-19_12320,gi-8189,-22.23984097556661,16.377258855788277,-22.460119484685173,-3.369114106863764,9.4169389855399
TS4-CD-37_2012-06-19_12321,gi-8189,-0.4172927604874837,5.307779070747826,-11.313011020842085,3.290605293244043,-2.130225087689212
TS4-CD-37_2012-06-19_12322,gi-8189,4.0345320078672735,-14.21165409351219,-4.679377175041082,-2.690308804507025,2.80158360530304
TS4-CD-37_2012-06-19_12323,gi-8189,4.082355952209717,4.292312683073628,-5.184555324717733,-2.357699580485209,-0.852715310421694
TS4-CD-37_2012-06-19_12324,gi-8189,21.390462308842906,-5.311486313206384,-8.452241782160772,-11.219098962793494,2.9266165266210646
TS4-CD-37_2012-06-19_12325,gi-8189,-6.338202856251294,1.6933639763508137,-10.842430215593431,-1.7652753553522056,-1.1896480081854928
TS4-CD-37_2012-06-19_12326,gi-8189,12.584728915648556,-8.051346398344307,-10.82442024251402,-5.263654138107727,2.3641360454812275
TS4-CD-37_2012-06-19_12327,gi-8189,-6.231012724524216,8.800510058484297,-0.7946356389324178,-1.9811677613914265,-3.2025596670010725
TS4-CD-37_2012-06-19_12328,gi-8189,-7.203877876882722,-2.0102149299312213,-13.71848711073314,11.208529716947927,2.028629796596886
TS4-CD-37_2012-06-19_12329,gi-8189,13.264711097011805,-15.799770786401634,-14.304123221541033,-0.7613717910156248,3.28578477462641
TS4-CD-37_2012-06-19_12330,gi-8189,1.9117270768182504,11.28285762802198,-5.279509595779482,-12.660687658962958,10.574344322323476
TS4-CD-37_2012-06-19_12332,gi-8189,-7.965375423834628,1.7089985272412604,-3.9528520082412006,-5.561241398984536,-1.0947873806378927
TS4-CD-37_2012-06-19_12421,gi-8189,11.794283668456488,-8.247895823162121,-2.5632892750158485,-8.698658278625938,3.060315613152739
TS4-CD-37_2012-06-19_12422,gi-8189,5.3499488923686185,-7.186238893898095,-6.206183689303982,-4.2885227658968565,3.00136544300722
TS4-CD-37_2012-06-19_12424,gi-8189,1.9660995218988049,4.081710089020539,7.829747910611441,-0.16858911299738785,-2.246049207780908
TS4-CD-37_2012-06-19_12540,gi-8189,13.785677481525278,2.4699336030485592,-6.66674095163499,-7.894933711453723,0.3406925445365158
TS4-CD-37_2012-06-19_12544,gi-8189,0.2834085795145687,-5.4017789884892045,-5.6983509859486725,-0.8577949015712815,3.2516235509944607
TS4-CD-37_2012-06-19_12545,gi-8189,-3.288126966150461,0.014365993305580372,-7.442776077382147,-6.193450531142244,0.7763944464309369
TS4-CD-37_2012-06-19_12546,gi-8189,1.5817215957320925,-6.269048736095666,-4.539927575439672,-6.082614255449778,2.244174635994237
TS4-CD-37_2012-06-19_12548,gi-8189,1.752628942438671,-1.3451815651970596,-5.683494610850329,-6.085156895645063,1.4019062838859206
TS4-CD-37_2012-06-19_12549,gi-8189,8.258976019639974,0.4839032388224119,-2.8281164156951677,7.39996005036381,6.371257286205704
TS4-CD-37_2012-06-19_12551,gi-8189,-1.6367549971587922,-1.1056290040365873,-5.590252424875095,-6.172419099005438,0.4248807066735304
